LIPID_NAME	AO_LDLR_1f_chow	AO_LDLR_1m_chow	AO_LDLR_2f_chow	AO_LDLR_2m_chow	AO_LDLR_13f_chow	AO_LDLR_13m_chow	AO_LDLR_5f_WD	AO_LDLR_5m_WD	AO_LDLR_6f_WD	AO_LDLR_6m_WD	AO_LDLR_10f_WD	AO_LDLR_11m_WD	AO_PCSK9_1f_chow	AO_PCSK9_1m_chow	AO_PCSK9_2f_chow	AO_PCSK9_2m_chow	AO_PCSK9_13f_chow	AO_PCSK9_13m_chow	AO_PCSK9_5f_WD	AO_PCSK9_5m_WD	AO_PCSK9_6f_WD	AO_PCSK9_6m_WD	AO_PCSK9_10f_WD	AO_PCSK9_12m_WD	AO_BL6_1f_chow	AO_BL6_1m_chow	AO_BL6_2f_chow	AO_BL6_2m_chow	AO_BL6_13f_chow	AO_BL6_13m_chow	AO_BL6_5f_WD	AO_BL6_6f_WD	AO_BL6_6m_WD	AO_BL6_7m_WD	AO_BL6_10f_WD	AO_BL6_12m_WD	LI_LDLR_1f_chow	LI_LDLR_1m_chow	LI_LDLR_2f_chow	LI_LDLR_2m_chow	LI_LDLR_3m_chow	LI_LDLR_4m_chow	LI_LDLR_5f_WD	LI_LDLR_5m_WD	LI_LDLR_6f_WD	LI_LDLR_6m_WD	LI_LDLR_7f_WD	LI_LDLR_11m_WD	LI_PCSK9_1f_chow	LI_PCSK9_1m_chow	LI_PCSK9_2f_chow	LI_PCSK9_2m_chow	LI_PCSK9_3f_chow	LI_PCSK9_3m_chow	LI_PCSK9_5f_WD	LI_PCSK9_5m_WD	LI_PCSK9_6f_WD	LI_PCSK9_6m_WD	LI_PCSK9_7f_WD	LI_PCSK9_7m_WD	LI_BL6_1f_chow	LI_BL6_1m_chow	LI_BL6_2f_chow	LI_BL6_2m_chow	LI_BL6_3f_chow	LI_BL6_3m_chow	LI_BL6_5f_WD	LI_BL6_6f_WD	LI_BL6_6m_WD	LI_BL6_7f_WD	LI_BL6_7m_WD	LI_BL6_12m_WD	PL_LDLR_1f_chow	PL_LDLR_1m_chow	PL_LDLR_2f_chow	PL_LDLR_2m_chow	PL_LDLR_3m_chow	PL_LDLR_4m_chow	PL_LDLR_5f_WD	PL_LDLR_5m_WD	PL_LDLR_6f_WD	PL_LDLR_6m_WD	PL_LDLR_7f_WD	PL_LDLR_11m_WD	PL_PCSK9_1f_chow	PL_PCSK9_1m_chow	PL_PCSK9_2f_chow	PL_PCSK9_2m_chow	PL_PCSK9_3f_chow	PL_PCSK9_3m_chow	PL_PCSK9_5f_WD	PL_PCSK9_5m_WD	PL_PCSK9_6f_WD	PL_PCSK9_6m_WD	PL_PCSK9_7f_WD	PL_PCSK9_7m_WD	PL_BL6_1f_chow	PL_BL6_1m_chow	PL_BL6_2f_chow	PL_BL6_2m_chow	PL_BL6_3f_chow	PL_BL6_3m_chow	PL_BL6_5f_WD	PL_BL6_6f_WD	PL_BL6_6m_WD	PL_BL6_7f_WD	PL_BL6_7m_WD	PL_BL6_8m_WD
12:0	0	0	0	0	0	0	3373583555.46939	3286534412.70258	3569987730.29451	4591364499.3488	3020136942.22444	3409844310.88319	0	0	0	0	0	0	0	0	0	0	0	0	0	0	0	0	0	0	0	0	0	0	0	0	0	0	0	0	0	0	2169886351.52661	1038125246.09873	3272283739.02139	1617238821.02114	1865630572.10812	2052972810.03586	0	0	0	0	0	0	0	0	0	0	0	0	0	0	0	0	0	0	0	0	0	0	0	0	0	0	0	0	0	0	0	15316530514366.8	13915756740025.6	15680418520122.2	0	17556326560862.2	0	0	0	0	0	0	0	255168794761.369	0	706744617156.429	0	217086331862.013	0	0	0	0	0	0	652727230924.47	895993253923.897	1413681990395.2	410436881884.256	1532005054060.99	1304656959792.22
13:0	0	0	0	0	0	0	0	0	0	0	0	0	0	0	0	0	0	0	0	0	0	0	0	0	0	0	0	0	0	0	0	0	0	0	0	0	0	0	0	0	0	0	0	0	0	0	0	0	0	0	0	0	0	0	0	0	0	0	0	0	0	0	0	0	0	0	0	0	0	0	0	0	0	0	0	0	0	0	0	823252030044.615	1380273536544.13	1988104439899.68	0	1667399832699.96	0	0	0	0	0	0	0	0	0	0	0	0	0	0	0	0	0	0	0	0	0	0	0	0
14:0	44184840713.607	49008047578.975	36400158519.8811	49276008878.9909	26246301615.8828	35678708996.0615	191382360644.919	225076238920.499	231869933754.134	298570486709.22	232525869551.777	190942955378.174	72663648949.1754	42058021160.4265	31459223919.5784	51083383067.0907	39610700259.7661	48697865711.8462	107689145841.461	110423247774.308	102254434473.471	129360270833.947	80730885354.8632	127138817251.59	41412185456.5432	41764169592.881	37444156075.9723	48371655615.7194	40793098115.0402	40617156921.857	78288900191.4449	102989659283.173	98632382745.9472	119681230830.247	111344039374.37	119892426948.773	32163255123.626	31882522850.1589	32803997541.6581	26559298954.3051	43204987087.533	34785272187.9643	114865170981.426	90909969308.0185	169794058276.082	129268247583.496	130125674639.011	129737475334.865	17561593067.0912	26135777987.3912	14668874749.0899	19313104190.402	22644473441.785	22267711869.3265	74992415576.0686	71347781482.7665	84480697161.9968	116375696804.026	78286620028.2522	83364853779.2821	16927927989.4371	26803480747.1618	23334139129.9252	26050635213.5341	22862772615.2309	30668159772.3229	81614852226.02	69345679744.0776	80327359822.6797	87668067028.735	70825321739.949	134023927882.328	6929356727764.76	9207949987593.6	6081429375970.73	9047577482631.9	9499664217916.9	8292578439864.75	21032121367478.3	247214373509580	207764839701360	290940598729688	26981296884760.1	229746901053624	0	2024369018409.38	796590938361.633	1223408375437.78	0	1074281602943.29	0	14251351091216.9	0	22745122639564.1	0	13289675264679.8	2399342567986.29	3097723963163.65	0	2286040530864.9	2123996821051.98	2313608866559.2	19833405091594.8	19596167299583.2	33677473289947	17642654874265.2	33222629960394.4	35987170578975.1
14:1	0	0	0	0	0	0	5761424854.87058	6943468969.59074	6930940628.19466	11985436304.3944	4506506934.08267	7125582242.83375	0	0	0	0	0	0	0	0	0	0	0	0	0	0	0	0	0	0	0	0	0	0	0	0	0	0	0	0	0	0	5389757230.69883	3319383625.32089	9777895433.17406	6235744747.88398	6780280213.76944	5012311362.37479	0	0	0	0	0	0	2968544960.39548	478983920.664338	4446751037.00092	3409660454.92283	4143668310.39996	2805648398.84856	0	0	0	0	0	0	5834769532.13193	4730776457.97426	5327752485.55684	4629785818.23787	3871085559.269	11166839832.4618	224252845692.931	909003051329.469	363533830703.981	499579934107.781	543739430099.598	708972058252.333	0	28094394333420.2	23697050322753.9	30271359643353.6	0	28452077602370.8	0	0	0	0	0	0	0	913025843830.801	0	1518889670459.77	0	819104371102.355	0	0	0	0	0	0	1253459120578.44	1235788434984.41	2137779709043.65	1046206820438.92	1937946304094.23	2123507109771.36
15:0	0	0	0	0	0	0	19233897802.1161	28241480662.771	32568453124.7684	49889859065.6976	24081468683.635	25889445025.599	0	0	0	0	0	0	0	0	0	0	0	0	0	0	0	0	0	0	0	0	0	0	0	0	0	0	0	0	0	0	27238267995.4124	15473736464.1485	50504923617.1082	21713188983.9367	28814767093.7573	24394219174.5035	0	0	0	0	0	0	12645006162.9376	7127168474.73549	14284153472.1751	11463146325.7277	9440825309.33282	14992168201.9568	0	0	0	0	0	0	14865426044.8162	11728216034.5897	13473466841.3726	16636582656.2521	11764373269.4021	24488361977.65	3205860229959.16	4893945240522.31	3118822712995.5	4820993229247.2	5420189475030.16	4115902130697.17	0	105706281003514	94115017728940.3	111415367629061	0	100449780738242	0	1572125797252.23	585618441135.744	541264380672.912	0	460321876505.455	0	6286023454296.41	0	10174611379660	0	5298847727865.84	1280189478202.9	1846557403378.61	0	1591782452955.79	1194146084448.52	1642026872550.12	7446475664383.74	7575167236576.48	9879435285472.03	5488451821798.5	10630493685929.3	11225742902560.6
15:1	0	0	0	0	0	0	964421589.020896	2452622311.69966	3096536049.32846	3918059883.93163	1876921243.11528	1842523135.86854	0	0	0	0	0	0	0	0	0	0	0	0	0	0	0	0	0	0	0	0	0	0	0	0	0	0	0	0	0	0	1147485938.96945	1897413805.57334	3660623961.26279	1791713129.02986	1843534614.64689	1544049093.44404	0	0	0	0	0	0	1421147978.1848	0	1388268955.96925	1325052375.42261	1227190298.08284	1167340335.1609	0	0	0	0	0	0	1438628265.78619	1179884876.11589	2016994372.58543	1862038545.75115	1611153327.24232	2936923722.51932	212450064353.349	498989401289.144	275561231118.234	455526919322.183	236072918224.89	476128674816.712	0	12946924503786.2	9129521920002.67	11858286295837.1	0	12232277786540.2	0	0	0	0	0	0	0	531269404766.937	0	998495667631.806	0	556801584058.002	0	0	0	0	0	0	735672180152.866	883200964743.791	1347808714707.64	549634958516.372	1172686171473.01	1250572998552.21
16:0	2183156156610.11	2132594320967.1	1107534162416.23	2192307839545.6	1559213071020.01	1885640440961.75	3411145268432.16	3751346570573.66	3553912905583.9	4848754097315.5	3264328606490	3351391431639.09	1941504508934.02	1656433889689.16	1534088034656.92	2212870038186.36	1113682830449.26	1299833180611.22	1675079304301.85	1338993364292.85	1351003445869.01	1899948316316.22	1598113849315.79	1834286057269.94	1850699434125.93	1607890194178.49	2174787664776.02	2037988611094.87	1983835668518.79	1671165865983.82	1831268763399.84	1555518715044.28	1832362131987.98	2294605192633.73	1712317511075.2	1894074997050.91	3770460289382.53	5849207753250.72	4931829872782.34	4569103195446.74	6253696330940.05	6025569264004.2	5055001836714.11	4842711525892.85	5540792654625.16	4936532603708.79	5281073472393.04	6259333022611.55	5010400021465.02	4911346415197.69	5230658279082.87	6155693671417.47	4635856100570.65	4571835588187.63	4877417580820.04	5141996550036.28	5126256964380.96	6667895415812.69	4628605047023.06	6169224509837.63	4589654597574.22	4968711834627.8	5082304579255.77	5816080359231.68	4504588308696.45	4917310265308.99	5170127875579.19	5939701480668.25	4777119588238.05	5934079310530.11	4316549006126.75	5170808248321.11	262236099798040	1270346910863030	267042819108926	1253960018296260	1183403777819280	1120595090028790	1975922134491310	5090667955065510	2797764342022270	5761875242249310	2453494868438360	4749317664757560	156026562380401	337714673326344	76738355792478.2	403684620618712	185763647611410	325787250824970	422362480426405	120283065671867	524746895274409	881039906355138	429247088216692	683543965819927	112039271541210	665655614951309	472439935946035	567764529861804	104141936320458	653214438112500	164634047583955	139685496208768	946733155616016	126037014512264	1186902959927820	1191603893962580
16:1	232027075196.55	282843194447.979	113674370252.35	278390757727.13	88809181060.9065	233328176855.349	481429140319.61	1055112341260.76	770546455487.641	1250940149510.51	933396453239.236	894366777199.022	252553255473.065	180109956718.069	143019494042.674	262498839947.702	285787248867.044	158924671853.613	375652948659.09	370549857016.138	405505982338.592	565155970954.218	211705178042.407	191647818420.538	142122305380.601	208988299010.861	213537433729.221	327469071766.068	149098779476.037	298926014152.796	513713403317.853	396692182877.283	1103121821471.17	630097467103.721	592360392771.594	599586220414.233	425898181784.435	642949277799.187	438585935150.704	451917333004.683	746993824114.434	719648736287.822	1208969181407.25	1359836489673.33	1733785753847.37	1468755049548.61	1437714732552.06	1827459337914.38	306330895339.351	426198087590.848	263076260397.722	566532913287	396017594040.328	392177194119.131	1673308266865.69	1634049382182.54	2020175010481.57	2567504798263.13	1724311411048.45	2000337507720.1	313933228493.019	546569963188.896	378461984090.621	508795745917.941	342744095106.365	515318635073.99	1744418789428.07	1773003624981.1	2206834624049.14	2009059460981.9	1974687175109.41	3289030644166.63	186651964157174	240607983281333	141791939281555	207639049355084	239846613173181	210058556997173	143190544933008	3870434940820410	2722782238681500	3534266699336250	190941603095605	3853349276352510	4347081000964.05	38518652208951.5	15114973222877.9	34580939538662.3	6905213586577.49	32574096407504.8	31716053341360.8	230165739112512	39461774676037.3	472197237759369	33154982023088.9	271857801101185	27952182645979.7	76994805619029.9	11775273906038.4	59677231169107.6	23329662523221.6	55142688261846	292495357691835	268873247514101	503110988881110	227886135808379	660025486316697	704043806533484
17:0	0	0	0	0	0	0	46031483836.9214	69841139820.5768	73423279388.021	83062525145.1593	58123501857.0667	55660492978.3667	0	0	0	0	0	0	3287130183.09757	1674278311.02653	2269668407.81442	3209190973.69078	3136729985.37878	5160939665.58921	0	0	0	0	0	0	1147920135.32524	2619532630.12776	2523326219.9738	2516643510.4862	2295961135.01749	3611881114.49468	30499406739.0139	38118654641.0358	47255810305.9197	34161008093.7378	34612573688.8515	39004078990.7227	253070604586.266	175743803906.549	408227557556.021	207788188895.119	298138529084.294	231450004090.92	17835395663.0742	42575673187.3122	24360048222.4099	43206634865.7142	18352283962.0564	33347451852.5955	226931472145.974	109889859110.484	279185037697.603	234398246366.959	243066184156.785	213214548637.726	33369659701.4339	12090260097.0077	44751792093.2974	34120588869.398	33142088297.9318	30001212911.6727	257771882189.466	199811882239.545	191073424276.963	288126376045.289	137650836406.231	224954444494.065	4622967355362.65	17066773133144.6	5637255720583.34	17383285136298	8453538403101.29	14348429207103.1	51450260789666.4	429548539461446	481081165698158	499439376056679	65815801371334.1	392409272014873	0	4112863494581.33	535576982442.533	2970417370633.54	0	3810832805997.83	10528103083323.3	4873849571292.26	13615987269702.3	28127133415957	11281122308561.4	17066959682206.3	848517057531.839	5409117435197.08	0	4792788434021.22	551837555511.055	5865806435658.59	5684024244002.11	6632769953705.35	15029338430116	5578365881489.38	15425063028274.8	16010992807709.4
17:1	0	0	0	0	0	0	63877474312.6267	87236760096.1285	79106454170.5738	107863809786.685	66155910897.3075	79764842063.531	0	0	0	0	0	0	20114339432.458	19143187860.1437	18421745743.5574	26513418732.1934	20426977971.728	22204466864.275	0	0	0	0	0	0	14594550751.2824	25551461764.5396	16544685991.2024	24286482773.4647	23199645754.8447	21238206113.4364	23054937564.2212	24363760571.1412	26771230737.5587	25888969938.9068	30159776603.0944	26564188029.3599	168891981080.948	132944142489.544	253869962606.574	155746342183.843	194075702138.926	176359358238.675	11343641999.0188	13181166035.3192	10709677139.1928	18741157986.8634	16063752402.4356	12184972654.9007	153992506634.605	136829122934.413	167213747427.807	184943560508.519	169141137403.038	181199956504.845	14677176992.9182	21997590005.8353	22242135054.2285	23182547210.7523	16115806583.5754	20396828605.2987	169043379087.185	171510856755.73	125725963568.008	200673478122.068	107057076570.912	151418831523.118	10055062051961.7	9087060354039.21	8321569094361.87	11349808474272.2	12733172282393.8	9309771601168.26	40041527442736.7	398391861469467	335585893173008	351727888807152	44434245047150	406739559243820	0	2027548417792.03	519821247248.695	760976228583.544	0	633484947411.654	4891220694522.57	23532063772645.7	5835320047342.8	47751269437183.7	5870072700665.03	28113914723553.1	1624359714184.22	4073340651033.42	0	2725123779646.83	1121103478796.32	3858521545781.77	30269435675279.3	31766402374213.7	50660814167404	23288328130516	58652518111375.3	64964233723977.7
18:0	1274571421110.7	1129755632063.12	753603226790.788	1253794381021.43	1213664586753.78	1038573946496.01	1409461244697.13	1499329925718.49	1734921776176.54	1904384326221.35	1158466628033.36	1332326095832.16	1290609689567.21	811218842503.526	904208324231.952	1124537543702.71	633314007051.837	828565576828.436	768530538572.644	628944031175.785	746127372642.11	1030369794070.19	688195335464.12	1105269826577.77	1038040213082.96	861364476767.644	1161408258665.03	927207409854.748	1248298182220.7	917698845664.768	1075186315790.03	986667908331.581	1036028830930.78	946230641734.201	991011107052.825	1085915370384.04	1520569679999.33	2016367256115.1	2471625875956.48	1523939504634.54	2349992806815.9	2268342857016.63	2009159472870.75	1512604358253.68	1908414216688.3	1436085554295.79	2170019330111.27	2019564629486.03	2572929530755.29	2064678221405.62	3493361729691.89	2348843216929.08	2149598976507.94	1691339782160.23	1794685679539.67	1449558812295.26	2732627295786.94	2049334000525.08	2128893770249	1816307031390.23	2821826587887.1	1970642152309.72	3119189527771.45	2013536145050.82	2510029744590.69	1688576802809.64	2080128302291.97	2749690799292.8	1393983722739.12	2448811336552.82	1067050729439.24	1103495782933.93	48980749929358.6	371792202082935	68558917693867.7	343318456310637	306287601451312	306381131048641	750981282059895	1048521434841130	661033314293912	1440112495494260	886797354871941	1119342935260080	84048199389095.7	96120226349355.2	25342583335574.3	110929223863243	85460976512659.5	104894626042573	170460455371700	18424943929851.6	190449609044330	195647030572028	152018293447026	165270352835729	28984596367224.7	161290119309030	195096220830714	150796715274930	32921335142374.7	171455693747712	39864810572879.5	34471859853216.6	232954286846150	35925430783761.6	259586710308849	255045143376126
18:1	2154224209020.78	2593325008206.74	887783434246.876	3877817563453.7	2031864520142.42	2576037049517.25	3476738659911.65	5361951673263.02	4824007830611.05	5856259161087.4	4114462437206.75	3852923316203.89	1639660887838.14	1921065687480.57	980057204557.217	2948094259876.09	1806239553532.54	908446203995.327	2067042407867.85	1825731867562.92	1603090992554.56	2326920803722.73	2356219399406.74	2211778182756.51	1149497388358.66	1607547937642.81	2266994366595.38	2314920773960.43	2263834014432.07	2382210310146.64	2632587472842.01	2386748906455.16	3766675302603.42	3217156407935.48	2507697613045.49	2640585552547.51	2347696025374.87	2492762080293.84	2846802785423.14	1964164184161.09	3472631486377.12	3472983836400.22	7287472685389.48	6884679995124.41	10095467333312.9	8547137168478.16	8916358588448.6	9288107450913.02	2048148335683.15	1669962686266.66	1926135938242.48	2428188240989.6	2535711806633.74	1704868210029.88	8502931646254.78	6690233706034.76	10102574520422.8	8949451235191.63	8222517028555.69	7733905738139.34	2300404339291.86	2323009812123.04	2816038833189.44	2395250671500.11	2423166602841	2086157202456.05	9482765441631.57	10134397122618.1	10374613415057.7	9593854456382.94	7840227123570.69	10599021256118.4	621389069188921	841377983087885	651266726463295	719402752452479	743879495903596	680441798000629	1933603028855220	8818464458722010	6256641651774290	8376283756949760	2427724763884600	8217053902453430	68863583758551.1	132133059743394	51423286197434.9	149716618725957	64284130066427.2	135992928898323	397360240736082	347021256053254	472101746546793	1086952784527360	404330239250855	795606961317419	110515801324907	249562581479383	144401538695481	215387036797638	110724227530238	228444665844301	489294160605938	441136684579040	1273447909930880	403483451103713	1981757566952760	1904664520243320
18:2	1163169387937.51	1829626431799.19	570118138900.526	2750387773855.13	1698607991820.79	2001943191016.36	655643618002.461	1151838807540.46	953151471881.593	1280408617645.66	802932213901.467	799969464348.325	997512592943.252	1491590739632.86	747326201304.349	1772801899883.5	1012253987215.86	896125727472.934	443093739133.484	379899391006.02	263128752870.273	473652440172.483	613872776479.724	519150248149.684	566545280475.906	1049628262008	1228241455964.41	1624559479797.62	1431058568601.13	1633689475137.03	501204009684.652	473414716523.481	1057004480935.59	778599493552.052	552732212826.44	544417212176.743	2382425186873.24	3423147301214.76	3137232728451.77	2954949789218.9	3964393679420.24	3680049234993	1571329908225.94	1417368130468.38	1682898685947.86	1731780295427.59	1703096592641.69	2114761048554.84	3427677364053.91	3685489942787.31	3759711553601.28	3997753915615.44	2921854042378.84	3087447724855.15	1935299244740.01	1776060210147.98	1717602516931.07	2171664342906.59	1662385917039.26	2240130343302.92	3566696343541.81	3442289686203.09	3794313934214.52	3642799815801.94	3367494610341.43	3080915967554.69	1833678897255.39	2445111824926.16	2138243799125.99	1940412537829.36	1373322387417.86	1043106459908.6	888537271315794	2094783407106580	784938659109455	2090859034889270	1827393622726510	1770652345215770	589001002520121	2915258539299510	1660318318794160	2621913486554950	741699376920564	2889081180805590	152639768572377	517044667620544	198125824407277	537831672868021	173232283209133	554405327437034	141565299507820	236653831947552	183130969657403	612963158531379	144610787229204	451107421080870	354714124996531	927023674702227	432866287755869	884938895509127	332912564725001	956877847830760	295684379310464	284134217705853	670804587506510	237047543172392	704935871374681	777435998987417
18:3	3702332044.18879	5385551247.08148	2627595433.63557	5240629029.57186	4142818947.65349	4854410467.77579	15549233574.995	23093281920.1501	14704051639.5923	22748652865.3265	12226410223.2594	19947159442.5623	4760039365.26941	2399238742.96574	2548840705.91392	4140773105.96155	2157845502.4329	6647588241.68349	2541367349.5532	3377106929.42059	599076610.534912	3047933458.22091	3221528533.66451	5826761831.21296	2137868676.11783	2847293189.07416	1653364198.70848	4006777039.27301	4197515824.8655	2681309617.90253	0	0	0	0	0	0	59578667764.7459	85145443833.4849	70775077392.801	67164890968.9649	91228864008.5392	74111745164.5956	60167667888.3133	36836168864.9397	57091690102.9996	49312270838.8329	50672225675.799	62278285774.8391	57273488177.3902	79791532492.9162	60295775867.0003	77074907535.493	64204058865.472	71945904788.4037	47666124356.6058	40284842735.6407	44211161022.2152	58100523475.3057	54672258820.6333	66903410275.3894	47167569020.1489	62054189447.7185	59030208572.9851	80547327309.8072	54350981881.6324	72553474665.0749	38899609661.3203	44341415111.2394	24389989102.3227	53734067689.879	27474981791.6137	28319323277.0384	39780158107157.4	59499042351683.7	39157618551427.3	52354481337539.7	46944075132161.4	48917042951850.4	13116390451077.3	233119054785258	165032849900418	221019793877227	13082108257576.3	223927259380873	1483599569430.33	8905988873646.53	9796268643894.93	11245411395745.5	1415967316851.01	10409460386823.2	1623860435287.53	14908474960716.1	2069340747457.56	30244884399996.1	1599435968947.03	18746960995323.5	13295679984025.3	19711632152882.1	3278356287666.45	19456490573319.4	12312475859008.1	18282620156518.8	21108295876249.5	16787893658934.3	39449851644468.7	15273027570779.6	38591609789622.9	43052966993723.5
19:0	1076431481.87602	1018530645.06386	732986018.616518	821880224.899092	597542590.594408	1336661376.79547	10137969593.0964	17702792758.4515	12652448746.1586	27421043764.3711	11536331295.8135	16941664854.0604	0	0	0	0	0	0	596626442.305833	1192034605.51629	819559592.919847	1257624090.22482	226107240.395513	1191908983.65802	0	0	0	0	0	0	0	0	0	0	0	0	1001755128.60697	1578367045.99597	583588146.021976	948503324.314997	1319878754.21236	1706411491.09694	14457765590.2773	15228137541.1054	23852506888.2518	18098247899.2298	19689004897.825	18335890249.3299	0	0	0	0	0	0	9976025132.01894	10298224542.5564	12565895948.2412	17225731586.92	10530311588.1586	19915398430.7968	0	0	0	0	0	0	15355432470.5553	11649650462.3123	15665160027.3779	15075695958.0789	15796213254.4938	25564760578.637	2288017765979.56	2626943366762.32	2120420702059.63	2662073981508.35	3590695083848.3	2011185199741.46	0	49184267435886.5	46918691705711.4	52709398854774.5	0	51040192037157.7	0	590394814172.995	344217632337.607	572863943298.372	0	401363365253.1	0	1771214014723.44	0	1950864383993.44	0	1703953997355.06	401366033543.271	622706054314.75	0	477607379044.809	487948825817.167	710716719611.968	1696264208443.67	1510390325514.31	2403487436569.58	1571989388535.24	2137605207997.33	3232803711509.89
19:1	0	0	0	0	0	0	10018400407.9305	15525089186.3212	16669031095.3963	21457747774.984	12636040700.7368	12314904920.7175	0	0	0	0	0	0	0	0	0	0	0	0	0	0	0	0	0	0	0	0	0	0	0	0	0	0	0	0	0	0	26010522034.3927	14808306942.1086	45484500250.3348	21076840681.2024	34683927085.0171	17615962942.0547	0	0	0	0	0	0	9806455677.07401	6329330141.67275	20431763827.2884	10687933055.4219	11369935749.9858	11050333026.3646	0	0	0	0	0	0	15955180369.1315	12636807680.5963	12753012596.7724	18089547351.0052	11488272985.7966	23388948079.1786	917806759368.901	909951382239.891	1313806089279.77	858565140108.511	128654996599.805	1304165103364.81	0	54194975156531	68776654051940.3	55688805933290	0	47656753727237.1	0	0	0	0	0	0	0	1251921899388.3	0	1351258702248.15	0	848205776322.896	219100621691.14	705773280162.398	0	148603555407.238	112067460486.884	320479296146.571	1431728862146.12	1780475579628.31	1628202721331.07	0	2152409194234.04	2345061582592.04
19:2	0	0	0	0	0	0	3366627681.67251	3260954285.42712	4579962298.29297	4001033964.42333	3255226085.26535	2221127362.98643	0	0	0	0	0	0	0	0	0	0	0	0	0	0	0	0	0	0	0	0	0	0	0	0	0	0	0	0	0	0	4252682850.61422	2821039906.8937	7660318782.22375	4716834057.68355	5482676033.71614	5308366491.48126	0	0	0	0	0	0	2027100789.59306	0	2667744203.62946	1941227650.4928	1640153307.86766	1519191743.51424	0	0	0	0	0	0	5123241485.37425	1836446615.0796	1317362462.87668	2101463088.21642	1302102719.27349	373271681.61042	2225667340557.84	725890397367.547	604811622219.762	449434481051.417	587153873448.943	497866906632.517	0	9887477394796.1	21895433101920.4	7519979629137.62	0	12749883613127	0	0	0	0	0	0	0	0	0	0	0	0	0	0	0	0	0	0	532036139886.68	909764153218.211	627806550294.55	628942322206.01	1172237171309.9	1753417204904.14
20:0	3084427422.89422	2288476598.01629	2169747532.03223	3863502677.19069	3236910306.90089	2697828057.53702	12483802226.6778	13784991525.4697	20603574206.0415	23984586770.7541	11303398966.3992	14872993520.4696	5508076483.54787	4449294903.08727	3070279686.4014	3239483546.62966	1939432817.78039	4381677793.65085	2387093782.9142	2296810076.2141	2277001139.10441	2921498986.69172	2387991746.51741	2334200834.29831	1930755328.20671	2458667899.39473	1717332441.23331	2576288767.57965	2701578899.39521	1788157106.91521	1701036250.03202	2849750375.1268	2522754933.08629	2090308489.56559	2545146206.82017	2742866844.08717	4608408924.88228	25692290298.345	5874629158.14407	5115774540.99166	28250633932.1431	25150364232.1873	5598558935.68663	6531981031.57501	5798212306.72373	5277919207.7143	6818021236.39778	9888777312.18886	6561788460.11175	9211806153.69034	9400581630.39901	12326565991.9592	5044381285.17305	7982330057.11822	9343068518.31016	9880027620.12726	8574955859.65693	12106210643.0323	6452221448.96626	12274705994.9381	8590737564.14083	18033943180.8881	10097741821.6356	25686888315.8372	6770176574.75733	18677393011.2427	8640085480.67576	9642454170.95469	8043659639.53129	11115095346.0703	5033468178.51382	6428139613.6848	1091205299656.11	5526562424355.44	969091482056.356	6308427773974.69	4667234431480.95	4293030358663.64	9298050343054.99	14576031742483.8	3587082128323.66	16764256507717.5	10553956754483.6	18323106171097.9	205832514008.268	1012384612870.98	266897069451.611	812716611741.231	167169369007.182	842344339064.85	247156953801.233	931329784515.135	301112402495.141	1413904567637.28	233155192605.652	921623062897.886	517896068302.479	1510928665281.24	728751005811.163	1360696338894.12	841439256580.542	1538518717176.8	1259217186885.35	1655442823188.82	2051088018215.97	1275029377662.42	1700440076659.46	1642666862200.55
20:1	34562522110.4324	47155660176.3827	3303590440.48059	78017230818.4178	29965682461.2806	63266562208.0013	87739106008.9265	251992565794.995	164810572192.027	245025645886.25	252913430262.961	157295853118.159	20440919348.2548	30144298195.5567	76306593410.4172	70054833923.1308	45087561133.6065	18949048612.4949	88824255563.457	66283750469.1766	4548276623.50964	69524063565.7092	160138410375.221	85451924974.6143	26037125263.1783	29581005928.8724	47041059136.9811	49975081452.2569	38919692838.6429	56340154565.6725	132959870936.37	64856109840.2696	210856562884.501	199598819618.682	75154066036.2293	75201514785.1487	16501195053.4757	30657330276.8626	22664817919.7993	33364554070.1939	57570251148.933	59535574047.4301	145054519548.085	285956932562.001	279941607684.465	475304864796.775	247672152227.269	415861466420.181	8412276230.73925	18437788425.6934	14324246838.4731	24599974228.5443	14934425386.1207	11859487263.2046	282586672626.07	305742299903.649	190883040918.124	345467152794.209	131930765953.954	251224981071.62	15759053574.1143	49025656800.6122	26478987442.9505	39248684079.8602	28032842207.6878	40116630671.2449	307802992194.943	340715234888.099	979671344060.372	216486857067.525	484566573510.377	776704172741.533	1473080427167.04	7109816551174.22	2634626643390.8	5234899110992.2	7358884083482.04	4814055053859.87	16642107994034.9	94288124020814.1	41114882650718.8	77351211139762.4	27654381203760.8	94711390892527.7	108328344363.241	1769690524797.33	115688181682.607	1708433841079.83	499988394663.954	1439025570326.43	1951792634978.5	5208189727641.24	4259523544764.41	11686366881087	2028738404026.56	7165449334656.52	324168205139.897	1637456385909.81	0	1289053641249.75	567587953703.002	1203112633465.14	4808157722414.12	4218195854340.25	21283192420521.8	5127186792133.39	35707440376257	31975656076439.6
20:2	4603210110.63593	4356447469.09358	4766736347.23085	5965468777.8083	3189817565.88958	3661861149.88045	24849676517.9246	32236291105.947	32304619098.9889	47887629898.5082	27748576744.1799	31946177541.4529	10141096529.515	6299571672.40648	5758997811.66239	6873154934.71568	0	6872225718.38144	944137874.407758	3813855408.28408	2549038412.79826	4205922010.84497	2212365328.70372	3480821263.02379	6461753526.27649	8111771100.86791	4928913865.15944	8012185486.81486	5433648098.79986	6750091944.31021	641969369.010303	2599077706.05006	3711389825.80899	3675325452.40853	3331813986.48524	5144366252.17948	22977946781.7779	21137992992.306	31009237932.0115	20310004509.9357	36315901663.1654	37043770608.4744	55744619576.1756	80985753918.4419	93929780813.751	88629798045.6638	97046307359.6543	64866143630.2585	14507177918.4445	16681196361.9202	20086699251.2381	27433313334.3745	20399446249.265	12106162041.7119	55712082430.8965	52481996435.0742	58825801334.2894	70563587815.3505	41090719121.2123	46219229136.7367	25750696285.3461	36407186960.4753	36157004405.3617	25317359168.6139	29463505469.5337	26685382891.4501	31420814705.1924	51823246250.1231	46581998084.2497	58323540695.006	43714510669.5755	22169892729.851	693850669360.723	2618344413499.33	316817792892.522	4181183236868.64	2734628735035.26	1829070484015.05	2605352941347.94	21309294496019.5	10591980663987	28177828023702.1	4774214843970.56	19545218915028.3	0	0	0	0	0	0	0	0	0	0	0	0	0	0	0	0	0	0	1091137868058.74	703667881906.238	6891494409403.47	814061371813.494	11001241674089.6	9350512340923.82
20:3	66974149112.0805	54103489537.2824	48489131685.3876	81379702199.135	44503652910.798	72700406049.4386	245314921048.294	319885999948.159	299240882028.389	401722249739.096	270370757789.897	240452826389.006	56670594613.5373	44795763537.6431	27268649455.1503	62213446046.6673	32933969493.3832	60745132841.9547	92897136619.1533	71312941711.7093	54206523128.0831	79928877893.6852	79903460785.7627	84166184472.2707	58828883104.6516	64087207231.5892	45694737644.0369	66777124837.4114	55405945876.667	49338984453.4605	69706109872.7459	98414360952.3092	75985335742.267	90737499288.9298	97144800497.1345	102422254737.383	248879654942.462	238600543289.894	285393156898.07	214958264159.919	343041493594.432	323339149353.502	742732711471.048	550827023834.806	822764222001.396	682826804125.196	785396617874.463	763468632013.538	207455617069.613	162347994137.284	203396102275.991	255406441206.525	269505402585.944	106474360912.658	613789494908.72	430126560057.429	913309629691.011	593483134396.217	645833072207.759	579490920823.194	238348921081.787	331497315509.304	328841833889.994	336668805423.682	240799490385.447	334548165911.891	629609490380.337	690655242893.282	483468507909.022	665701000390.594	382178365066.772	382467723575.246	16776730773420.2	38834069825489.6	7335521681180.43	32712563177211.6	41038567429025.8	43481989156500.7	221352260537245	888010951259823	478972416536380	646040862051238	279706276201263	610307814620124	0	5644576424285	672059992406.394	4593017787548.09	3123450081707.07	2183329992751.85	80376683016899.1	53948322810378	90087627065737.5	182440152496245	73813848708350.4	101352743110819	3164203154927.55	21228832821257.7	5134861315821.02	14174079184880.4	3288532973603.11	17733091890766.4	220852433056112	188346227380866	336482656564802	163246528387352	418698514065196	381937791989190
20:4	306720932058.893	300634975418.331	293493375967.017	298856945677.314	317816924716.35	298136995967.675	553753808741.2	639390205861.631	671360797222.34	793854950173.826	514474190609.957	500780803555.263	413864447308.154	241083989929.57	322441459227.761	293206621311.808	248557892679.13	266430416225.68	415731108027.677	359308233455.635	338465953293.949	434955754918.115	329259265749.845	394954385915.124	257100110630.447	277248901646.762	267058631265.858	262436791963.588	295527827321.519	236669189541.55	286966920920.702	452393668929.792	343860688606.945	393201538177.65	348522988204.555	459513980173.397	953955700609.427	1128904651057.03	1345085682252.57	927761024880.025	1169230751720.57	1325384064582.93	1072930272354.02	873474952161.849	1072454352799.73	880484744112.905	1012034283618.95	1214425210431.21	1323028615174.77	1039640041860.08	1818146722960.13	1410060965743.79	1390373679625.19	966993235273.129	1057084982505.71	1032133971544.03	1321855764339.84	1297843692880.36	1065578612198.62	1212811780794.95	1169053981230.47	1232061021024.66	1598355866368.09	1241152235944.92	1370574972097.34	937236727478.353	1061024497109.55	1461777039385.71	839470899607.038	1182212327627.66	632854188980.506	663312779816.761	696612091773664	779396191268752	770716178269303	822627660515168	768143254067232	765730889328689	224368220141550	2166344414987020	1332358555537160	1534536280772000	253008922945361	2017297522698700	40413480800088.2	201949674560698	251221003433010	215212989390282	54524391412688	148903093190145	88750666414195.8	349602788678225	112196711572992	594032417154643	87398674251504.8	401961666346969	396501386001818	398544794172774	112960294769370	363934724962528	344052900023316	382484657863700	594297788229681	558772894607713	808404271792236	408384705635438	772305104552013	932160330615783
20:5	12955510094.1595	14725401092.4729	14120066995.8163	15727735912.3587	17494561159.2046	16077302701.1351	52392855802.7878	66844208174.3809	51565486938.4902	72812300076.3036	40832382828.2639	52776872429.0009	19614516856.9005	8726808492.42317	10230716102.6638	12719595375.8285	9873446393.51714	14307100900.1321	11073855267.6664	11677826192.5186	7245681617.28068	13463152299.1769	14343401281.2328	18263449435.1897	12482710249.7198	8395907208.79021	6712298674.49111	9923793357.94533	10345371281.1117	8490068620.35195	7443600541.19556	12226116101.8999	7965117517.8619	9559194101.16167	9179739487.53336	10439701011.5104	133370090800.773	135536839978.242	174175307330.082	112226804406.875	170334115738.248	148774645031.2	127265826791.785	81420524304.6981	134221735517.08	71599831021.9886	109360078793.02	124290085734.394	135060344827.73	115969372361.436	126816478368.27	161256199270.76	162765240695.86	90415288255.6605	135061227011.144	92560163813.1083	114875651072.274	129154251889.694	116737365265.519	132931987520.881	204037207889.338	120619783289.453	195114418217.264	123346738807.966	179271510788.1	153723714279.15	115258516746.927	194711371144.172	60528457659.2336	145948130215.388	38525799540.0958	45862362609.9205	116110474448768	117304147322301	89537836084632.3	92684085569351.4	98125778743379.7	98931029710412.7	19062362704617.4	378552531609010	319861164204165	234940511151874	22455978987767.5	424797872848832	1351574871749.27	18435250403884	22862596316756.2	17531194017041.2	1856832797623.85	12495947350122	8964473536178.17	47322007132627.1	9128510508310.98	82861478322849	7298254711302.93	42350490111397.4	32278197562829.9	31245913713087.3	3161398548780.62	28212518720095	27255940851807.5	34574151520057.7	95203994979806.2	110140146177323	84798141879926.7	78350176162333.2	83377697741381.7	95175923574337.8
21:0	0	0	0	0	0	0	1493439202.34604	4191677901.29732	4765732817.67844	5096469877.53023	3662142624.74411	2219433214.32054	0	0	0	0	0	0	0	0	0	0	0	0	0	0	0	0	0	0	0	0	0	0	0	0	0	0	0	0	0	0	343295873.280616	2466568144.61066	2734596892.60415	3698929895.93304	2772122056.71229	3751213339.9752	0	0	0	0	0	0	1087151615.25838	0	0	2024056236.06139	261338872.158263	3301289741.78759	0	0	0	0	0	0	4331284435.29387	1659518465.33588	2561707792.73321	66874669.7888136	1228475964.9344	2575116510.90118	1461831798170.53	918361403720.872	631746762322.517	1616498197542.82	799084125633.481	526219348612.977	0	1504618042799.69	11171874668618.3	3561164025796.59	0	13309480242520.9	0	0	0	0	0	0	0	799928256042.869	0	874428450852.005	0	413311543174.226	0	0	0	0	0	0	567647996735.759	36025218343.9248	1726392284918.85	109709803241.444	1020232811728.53	2489782672159.55
21:1	0	0	0	0	0	0	1075174480.41494	2076082896.01741	3354804773.85641	5449879093.28046	2362266592.0525	2695751494.55593	0	0	0	0	0	0	0	0	0	0	0	0	0	0	0	0	0	0	0	0	0	0	0	0	0	0	0	0	0	0	4233056934.44689	2962800681.11762	9612956703.44112	3161819067.28877	5676273348.90922	3578792702.44153	0	0	0	0	0	0	3194004037.77055	522527913.452005	6239548693.37772	2414022556.77699	759477536.689278	2593071523.86633	0	0	0	0	0	0	5134022261.71505	3586207884.92157	2150257604.95308	3356047442.62226	2766684304.40405	4388865677.09076	1440173132385.26	0	0	671109251676.086	634765752167.351	0	0	7503633534382.14	14180322824655	5908749972404.14	0	10050376318407.3	0	0	0	0	0	0	0	0	0	0	0	0	0	0	0	0	0	0	294583320048.991	505144046769.428	287524918400.702	0	37029444116.0398	442171490295.778
22:0	5864340577.34949	4471303350.35063	4503464889.91086	6588431367.41046	6989501075.41846	6298812037.73407	16724128806.3038	18915060877.4306	19891711303.2783	22720258049.6359	15026156141.1898	19726661404.8252	8827990649.89101	7486845310.46129	5614169131.07435	6785937487.38439	5535944776.2127	6924297721.74594	5763834487.34087	5824691109.53387	5246602296.21511	6543975052.58572	6586227496.16088	6377622468.9157	4584849290.74087	5468900258.64967	4053645900.73018	5730752956.20393	7154790050.60533	4195741460.51256	4684070008.26619	7645975590.96467	5592489791.48427	5579295762.54752	6016590314.70885	6556761479.28397	10439631756.8906	29773492701.07	19040979663.9689	19883545280.2763	44212720335.1473	58380735375.5813	24064992828.9071	36664523397.3772	27778053196.5898	25139865840.9507	29062369281.9565	56847608578.7882	24796897030.1401	31900975833.9515	31871389357.0281	39472281171.5037	21709730889.9924	42327613978.8434	25622099549.7072	48472708464.1709	33881973762.8854	53898871222.5497	25739074818.1417	55919954026.563	24985217745.5143	39584755732.7474	32165547511.7646	39697351278.8008	26498308806.5493	23520663950.2332	23510121923.9972	33869576041.7245	30023181019.0835	33880935244.6946	21046341669.2749	31169484872.0242	3662243966655.32	12714986727604.2	4085239015491.58	10167509889895	8653422078714.61	8469129188725.54	14268654588696.1	48690364211431.8	20179469034814.2	37957441839781.1	20263044115870	54119230050852.8	376558405901.223	1715198142145.05	898705356253.536	2100579429678.88	343603343257.274	1524602004026.8	532850287983.826	2237739161100.43	761947350346.261	3099805723372.74	627777299491.758	2485381591232.17	1988372305206.77	2877648147899.47	1203804101941.37	3725993106376.1	1707998107090.82	2439621049534.54	2431137555646.69	2120392326575.02	4284688001475.55	1886067421573.14	4721213038076.64	5751890352932.02
22:1	651393237.410274	506683540.41442	412639971.243154	887660484.983734	675216458.29632	694913098.178744	10882228986.6317	16170653412.0947	15074210416.3723	26488389871.692	11471912909.4909	14622300540.7111	1063801540.41761	977799747.913376	605431281.809178	520027679.582808	345912529.694116	723035465.803409	732741995.729892	977837294.413929	559058236.361122	1037604662.55992	686280351.732559	637079179.793245	364330008.47988	750975667.997068	351721895.15626	551277758.796032	522238315.021439	443381358.080328	569973758.796136	1064461934.93006	1238072423.73605	1253847842.47795	705726952.085715	1277106159.84341	1003432136.4172	5204313605.05496	1743110867.86939	4207420107.76979	8985704308.45253	11572773302.9068	11098661781.8748	25069580018.553	22227814583.9348	18840158309.0465	14311745777.3751	37286335215.6253	1496959345.14768	3722800875.05787	2120182383.99522	6752509157.75854	1855693347.16594	3044949455.24395	5775348998.10785	27791375075.4866	6310676506.88556	31798188485.4432	4837171419.8925	25723219429.7232	2086818437.29406	10008939858.7549	2257428543.98395	7337505481.47648	2030787541.99752	5573983972.90858	6219416622.03455	5934007969.76457	23256901499.9283	6590522916.69383	18854998406.2861	29833320321.8494	219914800139.875	1363145445961.76	224792454505.602	772901229332.039	1519745511283.38	1295568623575.74	933816145690.322	16844854257328.7	3023948882351.05	11881239835062.7	1320261803140.76	16539070887147	36254117990.8143	66532634409.8358	37741937210.8698	73510501908.2231	36808884893.3516	74838225223.5586	109029405266.754	602978850013.926	148402838656.902	849616637400.512	131580519506.361	386081987289.549	86049659189.7307	271374928158.316	130598450214.223	277919922485.702	72751398226.0382	202829366790.051	459208466188.09	320934997627.582	1863693355685.21	276422467960.718	2299831494667.9	2649244944321.42
22:2	0	0	0	0	0	0	2870036225.57048	4518031143.71226	3906025659.19286	7027073688.67298	2681783018.3953	3293117756.86605	0	0	0	0	0	0	0	0	0	0	0	0	0	0	0	0	0	0	0	0	0	0	0	0	0	0	0	0	0	0	1425839767.90509	1208491189.3934	4443634699.55024	2698088747.64394	2359733438.72241	2655013156.97213	0	0	0	0	0	0	0	0	0	0	0	0	0	0	0	0	0	0	0	0	0	0	0	0	0	0	0	0	0	0	0	0	0	0	0	0	0	0	0	0	0	0	0	0	0	0	0	0	0	0	0	0	0	0	439165032465.846	259137665796.346	232890557213.589	285553501095.657	229802539843.831	0
22:3	0	0	0	0	0	0	16130037865.963	15584268102.0875	23739850097.0258	30497806595.9668	16047192358.1786	11089668988.007	0	0	0	0	0	0	992914866.714523	844972846.672161	892491572.868266	882399669.220105	726758582.977703	0	0	0	0	0	0	0	840493156.752865	1361345289.06859	690930217.277433	1231830237.17034	1487796817.69148	1107732823.62986	0	0	0	0	0	0	15251761857.6947	11880191805.0209	30860264981.6758	12965502030.2694	17811847345.9025	11721028609.4768	0	0	0	0	0	0	0	0	0	0	0	0	0	0	0	0	0	0	0	0	0	0	0	0	368696407910.112	329037348775.279	361593258623.742	0	437850544009.472	275860437513.208	0	1357336784517.99	925012137748.275	1985818071854.38	0	2101545429550.57	0	0	0	0	0	0	0	0	0	0	0	0	0	0	0	0	0	0	0	226357424817.491	254212751054.266	347995191520.067	306617196045.583	333043340286.499
22:4	30758529041.787	8950357467.16122	25009376225.9976	25381267392.038	18272665779.7787	20845083408.0334	64177682912.2823	79853819616.243	83910390787.4135	114443814432.158	66282249209.6823	58411056674.1321	39220653423.0272	26810809692.5847	24886368037.0739	25667985553.0741	19223618609.8873	20769816523.6319	32084918573.3655	37168004423.5052	32996878402.7534	46396705301.2984	23501785293.7447	29815756868.4828	30332088059.2143	25572558889.7183	28871483917.4556	27433114242.3978	26536941635.9307	19881175868.9561	23560978421.7633	33487587672.552	32047856090.3394	38759690036.2206	29795995273.4819	44642233512.8781	6493599992.2207	6194008240.45314	7895408226.3717	1758657597.86579	5189739169.14542	5854262358.98632	31498216739.6348	20918376656.2118	48046537454.1729	29695822320.0311	29933277742.8789	36789811869.9363	9044037107.4544	4520226695.8259	10702900363.865	5921915691.58794	7145724557.57957	0	10961406722.0712	3547241381.62072	12970298183.6907	9138148836.35408	11439560069.0686	8991355298.79455	4646449081.98919	6247039935.49678	7602648412.74218	6751547013.98407	7815822142.10475	6439856901.67762	2929768997.63134	3866944072.78023	0	4072287814.60053	4681413330.69788	0	665559964501.465	524538551214.03	439195441205.882	494630999695.564	132373814314.811	683747465707.237	1758875017445.34	5885959514920.97	1840615246127.4	4413598029838.96	2283365743165.32	4197140544498.81	0	0	0	0	0	0	0	0	0	0	0	0	0	0	0	0	0	0	279977581123.539	540137353813.297	1365482777217.16	441889723900.283	1710433549559.52	1708509264178.57
22:5	25267156675.3449	23802550459.6582	20642355623.98	30058441617.3438	16664457761.1867	22949461393.0888	46822680471.2758	73180069267.5916	84295634244.162	110387916596.557	55281892484.9762	54401762741.3093	33147297750.8801	27391258135.2495	20854610495.0906	25585660719.5882	17386632591.6511	27592858875.6416	25777470482.7107	33748635133.3142	5645255589.76834	39918761911.7634	21613693160.0039	28912705893.1716	24198060221.2541	28665182113.2463	20899862728.3538	29300777768.8164	19569220300.6806	18332896522.667	4669984993.55074	4822312457.00799	23538594304.8621	7490767574.36562	21305402847.3182	32497053659.2253	839840597.5696	7911733226.47108	0	5604063242.98533	8340553316.0107	6985031918.92209	31305418622.7548	30851120902.7772	25710547455.1308	39642188167.4437	33401833832.0621	42876557109.8435	1743804950.98454	3503158286.78354	2481719730.56406	6621313038.91031	0	3081423005.07655	5704771143.20849	5040488297.0092	3616069513.46073	7438075407.62349	5216971410.54359	1395494681.89793	2108895132.69086	4284374306.65278	3338473992.50181	3717769440.94726	4210469449.84891	0	0	0	0	0	0	0	1923579086149.23	3020221908790.45	895920716635.06	1249793403692.65	627040099058.527	3949145032936.45	7069214007808.14	32121523869549.5	10261153665207.9	28592807807931	8149897423802.01	19692495824842.6	0	2244499441965.08	961926946679.374	1358930645990.42	0	464889959528.694	0	1132740130708.48	0	1601407308446.02	0	963130380836.204	0	0	0	0	0	0	2215847158434.45	2161914923046.02	4342384121571.2	2035952336315.03	4445810785394.67	3165750603519.51
22:6	49362910599.7496	54686679860.6794	44137705296.6764	61918657554.4473	49614712207.4326	50517198847.924	146784478995.025	147678799973.843	154352050003.032	185392227045.025	120732915227.592	128757118137.373	59982057618.096	42097721883.1407	55459928226.8663	54782636050.8807	32866583905.164	51661417594.8143	34657832606.691	28412953656.2194	24974484303.2006	49146950245.1482	26994166778.8004	39195659912.4926	60057986275.5563	43366638149.9078	36971323892.6362	69273702996.1119	78820633549.411	38282148418.2915	18058952045.0455	44331919580.2003	32459993464.6127	35147321790.7519	42252418155.704	47084224698.4373	466542087923.877	674303275406.257	666431968931.802	538387216460.758	665705187765.796	675526352281.028	488550450877.27	345743574599.915	441800959651.8	316260860729.239	450169479067.294	398224584427.652	663109324558.092	589460506239.109	796566232227.66	749786547854.797	627979461194.571	469188061907.644	464274863180.379	337224421869.63	491873200758.887	497048441804.583	363988307040.657	387533726599.08	553762828703.776	524746153017.786	655400108099.859	593072918747.313	571638708630.311	529163672643.289	497370572984.265	609622366866.841	400670522524.329	536540488184.372	249695555301.933	261841773192.006	276883960249875	350186458097855	254997909186269	415866783974532	338202981028999	319522758751647	118393461140984	905158094406831	556304305704651	509742330927948	169545583092510	765406989569390	20189683454160.6	75281666162237.5	57595421885111.1	92735840020651.7	23673948459042.2	62423054047157.6	48256213496664.7	106614195579743	61963934761588.8	183835008754731	45467571413664.5	128995775098487	88668269145135	128991494737817	50072640083735	118634339863833	78411962150016.8	146019116746166	189924173611703	152874853853600	272432247657801	136991932773759	286154430471665	323078735405759
24:0	11543866484.4091	8069733988.91176	8427768291.87344	14492758430.3644	12697871321.3487	10865503255.3096	25123228653.0693	25766561193.884	29203823107.661	32293821279.9894	24199822901.8829	26449396328.9787	14365402533.6337	19189206250.3048	11981152221.192	15534562938.854	11799445154.2673	12193489407.7597	9319568547.86083	9098927114.7237	7799028846.37903	12254964023.4686	11228151971.1838	10677826493.094	8021687461.54467	11254637763.3268	8179557884.11092	9466480819.0937	14140969012.6704	7939263971.2395	7119375222.95703	10520033088.9277	8886676888.38796	8937912729.71941	9564666842.10828	10216063029.5305	12548499007.3101	34631117125.1998	28328882763.2134	24317078741.86	43463933302.9073	52127714310.0068	32927016209.1069	23348966544.0363	42214487821.959	23755702961.282	34586556534.8141	30782887096.0183	31645551667.6574	36704778440.4461	39413093463.4118	46151798864.2324	23681226663.5322	46261733897.9026	29379392361.3203	32284047586.2642	42952749777.9589	34561168634.2748	31394269710.5089	30449473555.884	36067413858.9318	30507323264.7203	52809391748.7431	27026339705.0004	35830202573.6743	16728317570.7295	25057089648.0076	43279877226.8024	18404429197.9659	35832689236.0769	14644936980.069	16675806365.1889	4192115608320.34	18172848204061	5696847062003.74	14407257192366.7	9399073612496.97	9455163004515.14	26958921433779.8	42600326950459.8	29947998819411.8	42484000395469.4	36639116994231.6	44708702167762.4	564690791165.491	977803947977.229	501191791724.396	1109234452522.22	495611468001.555	1181016432769.63	770915220259.255	1465060761097.3	889836799814.049	2033389054575.56	898550563867.605	1465462562851.88	1282206910144.24	1619741008984.71	1853771747461.07	1972274273995.7	1312013660539.75	1557908824796.14	1626853675843.16	1750301345189.89	1971925039568.88	1080271857949.54	2387111591956.5	2220793765710.78
24:1	11940510630.1984	11069506499.0893	12083451821.8002	15176627461.8795	13515747636.7111	14507734897.8756	49722699490.8595	50477390569.7742	69959782318.7076	78015011779.9548	50396276427.4862	43615847707.7232	21795187176.5026	18355714053.0458	11689899055.3131	14344645827.5877	9405705709.08241	17908224483.7497	11463172170.2269	17347642602.0009	12324385110.5394	20259176737.7815	13588712310.0673	12952448630.649	8969967649.04025	14635715938.2101	8388082701.39611	12839617267.5804	14017620502.3654	8461394203.16525	9964717561.05983	15696385610.5997	16238082204.2664	17326704461.3409	15334434770.9221	16150722775.6	26921512058.217	42058821743.832	50977106312.5528	33184436534.4309	47822913262.8955	60120059913.9896	61343269034.9733	50111945322.6429	86385294538.5128	60251182335.5041	77373416807.4415	64311440201.0858	61244189340.9737	38012441540.5268	65302933722.1153	59096189496.8493	54275862178.3534	37861422326.9493	54184263488.8334	64717854132.6887	73528698529.4794	58184253274.2535	54160121870.3444	52639422905.4165	66579357611.2247	46590490326.622	74979211369.8041	39240287709.9704	53615079821.9701	24954735535.3598	46475681704.025	71808681998.4226	39652038221.915	64207360985.9681	39650452471.7845	36684532020.596	4779839607780.75	11639461164507.2	7076268935885.59	10196417020490.2	8007063067893.71	8334832866163.54	32732008002725.5	60754571565175.5	37039593751784.4	62877698092627.1	42935425575094.9	54176460885290.5	1094882028568.45	903080637245.503	773381339091.937	1098578212729.48	771793484102.799	1117597185262.57	1266252484228.92	3022861194584.59	1488982392105.61	3891240598136.01	1403610497950.37	2991868314654.01	1625101456034.31	1848777783213.26	2634312995962.27	1800851068355.94	1911622266877.52	1735187444288.45	4193996072750.25	4129272644042.22	5928040796419.79	3415827692217.87	7984607650591.14	8159508059211.03
24:2	12160048579.6502	8969754722.64021	12183219609.6972	1979094571.09458	6736532311.29236	9491467659.77004	19889596447.8522	23955629968.0657	15554943287.1843	26260128029.7406	12928768837.9054	23376655083.0472	9202660478.29201	10011485484.6914	0	15752801628.3622	0	0	0	4483124948.44142	1916487672.0883	6871399179.54882	0	3842018190.88748	0	2991639569.47503	15104776274.0633	11908120507.0091	1188655401.61721	10825323441.583	0	0	0	0	0	0	0	0	0	0	0	0	1303403742.58423	352212315.254899	2907005305.19188	1401869479.32352	1841657573.56317	656446535.409122	0	0	0	0	0	0	0	0	0	0	0	0	0	0	0	0	0	0	0	0	0	0	0	0	1129132749277.41	893104562852.372	1523349059260.47	565659456376.509	451086654793.321	1059306226758.45	0	1714951586002.72	1523155158248.71	682918190835.358	0	1047050893878.86	0	741481360223.404	1021097520275	1034060139145.11	0	309050719980.654	0	528516372716.077	0	385917584289.466	0	535258665626.649	1153272077606.42	848664209145.893	0	1561098101031.79	553180467267.846	529159653285.816	806658200854.72	1477453965833.22	938711813363.338	952174077155.853	1067275671365.18	298410628257.514
24:3	0	0	0	0	0	0	6436356231.19744	6303654804.35034	9457475444.81707	13909728671.0334	5894040887.76032	3670543451.01822	0	0	0	0	0	0	0	0	0	0	0	0	0	0	0	0	0	0	0	0	0	0	0	0	0	0	0	0	0	0	3017851901.09766	2825401803.73783	7221423771.47319	3498692267.12398	4683438937.99655	2463188820.26876	0	0	0	0	0	0	0	0	0	0	0	0	0	0	0	0	0	0	0	0	0	0	0	0	0	0	0	0	0	0	0	1247822213121.21	1259380223281.01	378462965037.145	0	986948298835.787	0	0	0	0	0	0	0	0	0	0	0	0	0	0	0	0	0	0	0	0	0	0	0	0
24:4	0	0	0	0	0	0	7245078198.76681	9149973671.25524	12829322756.856	16854104130.4278	6338025691.5204	6313276077.69053	0	0	0	0	0	0	0	0	0	0	0	0	0	0	0	0	0	0	0	0	0	0	0	0	0	0	0	0	0	0	3759582610.23122	1756743460.39439	6864735078.47646	3077441406.42753	3423739678.25382	3391287866.71066	0	0	0	0	0	0	0	0	0	0	0	0	0	0	0	0	0	0	0	0	0	0	0	0	0	0	0	0	0	0	0	3010441561803.96	3775620293147.21	2476259365056.68	0	870472950776.373	0	0	0	0	0	0	0	0	0	0	0	0	0	0	0	0	0	0	0	0	0	0	0	0
24:5	0	0	0	0	0	0	3583173027.03669	4715174114.77772	6730119574.37937	12463298420.6599	3163935669.13578	4330717149.62514	0	0	0	0	0	0	0	0	0	0	0	0	0	0	0	0	0	0	0	0	0	0	0	0	0	0	0	0	0	0	1246243388.21185	1547373676.52556	2670904201.60136	1337151819.94686	1329176397.7029	1559143107.73084	0	0	0	0	0	0	0	0	0	0	0	0	0	0	0	0	0	0	0	0	0	0	0	0	284952864088.205	391551321089.532	521090169176.275	373981976985.165	277958326039.276	357706189881.089	0	3384940380356.29	3777033060352.85	1558451381988.76	0	1869485082929.11	0	0	0	0	0	0	0	0	0	0	0	0	0	0	0	0	0	0	216563072499.332	400093768123.088	133389752368.015	314676502977.962	390202489086.507	490076596145.946
24:6	0	0	0	0	0	0	3350728627.59594	3214296123.15948	6728832582.65682	7436049980.98906	2541912594.1864	4476891309.99753	0	0	0	0	0	0	0	0	0	0	0	0	0	0	0	0	0	0	0	0	0	0	0	0	0	0	0	0	0	0	0	0	0	0	0	0	0	0	0	0	0	0	0	0	0	0	0	0	0	0	0	0	0	0	0	0	0	0	0	0	0	0	0	0	0	0	0	778259836497.162	1492515063579.87	1322449095165.57	0	1312463247741.14	0	0	0	0	0	0	0	0	0	0	0	0	0	0	0	0	0	0	0	0	0	0	0	0
26:0	125090201.02687	138088886.54073	117540461.469542	204892254.211908	181727966.126212	149759498.87696	1843121594.52312	1822718330.12815	2492747264.42155	1618883543.12854	1583808592.64438	1281593915.73988	198159311.186898	268728863.830391	218760112.997135	230819893.19649	232198017.079329	168342613.696147	110972610.979743	141397398.244609	98244530.0280525	174393471.228177	121828029.979927	157196957.075367	113705918.098396	194202965.108874	119953217.088326	206071361.159912	273831340.94398	150379743.077744	120720688.077549	157833414.722113	111771114.783459	159073598.258822	147253465.63794	189816889.700417	163001515.014288	140455900.982612	385950668.648619	90447324.6117503	179877679.932875	244715710.866675	2160169838.34192	468022010.768309	4007235846.01073	542132431.122138	1911401592.89692	1699906079.15118	204038021.239683	148082167.0635	401302278.222003	179773972.62711	246085983.178619	199044995.253454	419286144.43229	225591439.713236	644302813.449527	252346107.919394	592791159.355567	252078830.108277	322443608.349168	139324465.861691	471935634.195271	93166289.4840477	368141536.228346	62186044.8541074	412611437.201589	504202599.045562	174611809.394985	723967079.804849	188106883.551288	237769569.114396	74156802220.2735	177089622129.181	120824728365.548	160676966517.67	112475071379.204	96447792133.0901	753818636373.642	559154496157.554	872785775049.997	866105866399.883	1068222382741.27	587641186592.627	10110104545.1369	8871130182.04653	10877124211.0355	4745108731.66406	8171151276.5816	7144685075.84624	9323407594.20951	10188003827.7498	17674878991.3725	19630694555.4345	18044665118.0763	14544562044.0138	27863504544.9445	15800124634.9804	37208240815.6486	13057555812.974	24656779276.6062	18126062120.3204	27309322211.6202	31303697916.4478	31969559948.644	18745942156.2244	26179561962.492	35311384961.4257
26:1	175742711.905725	188401315.418349	148997695.366652	251731608.17253	207959917.010543	202739865.660368	3199983078.24975	3704309386.84082	7504944988.42626	7849581793.7752	4219504769.93156	3235897241.13788	290485190.806423	302324539.06706	184516769.880449	254456978.886389	197996545.360007	250212058.364565	172469026.808504	231285099.675346	180597126.354136	405615959.024207	174824194.82611	180554019.376066	129251123.258619	267311945.990631	121914327.258408	239949244.600417	244713224.613778	157428114.705904	146445698.703623	227539200.507326	243423019.868306	264500648.402109	238841219.68489	261300149.792553	168281369.354686	239689846.754589	395586001.89913	165236513.945145	309968984.449527	434922505.534237	1842855859.15089	598726017.495045	4437410696.53171	1518472395.99459	2231314055.13168	1098133651.54662	328313189.992664	261035115.373436	431670549.471457	364613770.143128	273226584.521185	314025759.825472	261729765.882649	249914630.0669	407395661.005342	213014673.553841	319125468.95837	234559284.802967	426005039.796009	205292315.766515	523734810.701156	175450069.228757	368254334.95541	117354913.480306	266925873.110444	421709446.72271	134450497.437608	415576980.24521	133026644.163196	136302623.099892	55698342374.5386	131925659419.393	80921777524.3834	129788407832.049	86923754266.4876	88601697833.104	280786378488.312	445253986386.134	343644469962.722	478823389659.941	479890036608.238	429623766699.565	8998462027.2199	4044596384.96201	9423727247.01162	9409337823.20509	8809066419.92415	8274269237.57573	8417240221.22627	7913992613.27781	12267019205.2576	23952775894.8493	9439973055.95873	19167922900.3927	18227339895.7329	14475432985.7952	14681017432.5855	9628983667.78949	13561576061.5944	15830057204.3389	16868230627.5645	19762542163.1509	28391290510.0215	9173829057.38926	24989776987.9143	23228872107.7449
26:2	0	0	0	0	0	0	548517847.412785	835958484.687544	1520831150.91974	2217321068.85776	1209518385.95938	0	0	0	0	0	0	0	0	0	0	0	0	0	0	0	0	0	0	0	0	0	0	0	0	0	0	0	0	0	0	0	0	0	0	0	0	0	0	0	0	0	0	0	0	0	0	0	0	0	0	0	0	0	0	0	0	0	0	0	0	0	0	0	0	0	0	0	0	0	0	0	0	0	0	0	0	0	0	0	0	0	0	0	0	0	0	0	0	0	0	0	0	0	0	0	0	0
23:0	2761641569.9027	1637687918.54508	1662699137.56424	3559597570.1899	4164518164.51185	2688268527.66537	9600026969.76592	9360080405.85526	9800567201.22253	9893945760.99437	7577054358.41686	9915084137.83794	4010193734.07625	4092581617.28121	2754559655.76898	1817905340.84851	1834210700.62074	2868855843.66901	3131764896.06184	2443993083.20147	2141645649.93014	2384254277.61188	4416909124.08976	4453404779.991	1795871094.44465	2038304019.11497	1767912351.08499	1843869868.97482	2951590745.30352	1595939137.92492	3224343462.9653	4829160229.11883	3133735694.90506	2969259409.71652	3380307109.98885	3483187663.27355	8219417075.76412	9198953631.12362	21297310496.5798	6497106229.95932	13257401641.2989	19289344736.9719	30993783613.0372	17626134639.0692	33877407354.1377	21727018348.6436	33976849761.6812	27539543176.4351	16876408300.0488	9475924704.69844	27210419147.0119	12697771484.8944	13831426604.6836	11348582708.9632	30014223746.9942	18421078775.7036	42073876011.9892	24614853999.3106	34087056470.7887	21391107514.3542	27442669874.4026	13139400816.6513	37118926263.9342	8274485147.81407	28903350982.3133	5310027217.27744	34240769060.9753	53711211738.2416	16874460210.5783	45950281470.2699	12909998508.0298	20904269455.1887	1889957679099.6	4410770734734.35	2839811203949.13	3915036383864.63	3138261891969.4	2800232215319.58	19094589043292.5	27533819516907.3	19813782904818.8	29513170410250.1	25347172623338.4	28038032316315.3	326901881307.385	296023361109.022	350265408605.135	344210796183.97	269954847664.819	434939372587.235	697479668591.268	822386149469.094	816787693561.904	1463813808782.67	1013835381531.85	911354657286.89	965621602059.727	964324477482.971	1649186843927.21	1005125935473.73	1041300715251.59	849394678812.953	2158602482888.88	2209803219836.4	1969235298712.89	1589656346785.41	2382868729471.2	2348567996026.62
