mmu-miR-142-3p_ID=MIM0000155_MI0000167_mmu-mir-142	131
mmu-miR-199b-5p_ID=MIM0000672_MI0000714_mmu-mir-199b	35
mmu-miR-379-5p_ID=MIM0000743_MI0000796_mmu-mir-379	111
mmu-miR-5113_ID=MIM0020621_MI0018022_mmu-mir-5113	5
mmu-miR-148a-3p_ID=MIM0000516_MI0000550_mmu-mir-148a	15
mmu-miR-5099_ID=MIM0020606_MI0018007_mmu-mir-5099	3
mmu-let-7f-2-3p_ID=MIM0017017_MI0000563_mmu-let-7f-2	15
mmu-miR-615-3p_ID=MIM0003783_MI0005004_mmu-mir-615	10
mmu-miR-9-3p_ID=MIM0000143_1_MI0000720_mmu-mir-9-1	12
mmu-miR-7688-5p_ID=MIM0029906_MI0025041_mmu-mir-7688	63
mmu-miR-20b-5p_ID=MIM0003187_MI0003536_mmu-mir-20b	283
mmu-miR-222-5p_ID=MIM0017061_MI0000710_mmu-mir-222	19
mmu-miR-135a-5p_ID=MIM0000147_1_MI0000161_mmu-mir-135a-1	23
mmu-miR-181c-5p_ID=MIM0000674_MI0000724_mmu-mir-181c	23
mmu-miR-145a-3p_ID=MIM0004534_MI0000169_mmu-mir-145a	11
mmu-miR-671-5p_ID=MIM0003731_MI0004133_mmu-mir-671	25
mmu-let-7j_ID=MIM0025123_MI0021908_mmu-let-7jrang	39
mmu-miR-101b-3p_ID=MIM0000616_MI0000649_mmu-mir-101b	41
mmu-let-7i-3p_ID=MIM0004520_MI0000138_mmu-let-7irang	18
mmu-miR-224-5p_ID=MIM0000671_MI0000711_mmu-mir-224	28
mmu-miR-486-3p_ID=MIM0017206_MI0003493_mmu-mir-486	23
mmu-miR-1934-5p_ID=MIM0009398_MI0009923_mmu-mir-1934	32
mmu-miR-1843b-3p_ID=MIM0019346_MI0016971_mmu-mir-1843b	106
mmu-miR-421-3p_ID=MIM0004869_MI0005496_mmu-mir-421	10
mmu-miR-690_ID=MIM0003469_MI0004658_mmu-mir-690rang	40
mmu-miR-192-3p_ID=MIM0017012_MI0000551_mmu-mir-192	24
mmu-miR-1943-5p_ID=MIM0009408_MI0009932_mmu-mir-1943	19
mmu-miR-1193-3p_ID=MIM0005851_MI0006298_mmu-mir-1193	15
mmu-miR-135a-5p_ID=MIM0000147_MI0000715_mmu-mir-135a-2	20
mmu-miR-151-5p_ID=MIM0004536_MI0000173_mmu-mir-151	112
mmu-miR-107-3p_ID=MIM0000647_MI0000684_mmu-mir-107	74
mmu-miR-30d-5p_ID=MIM0000515_MI0000549_mmu-mir-30d	4
mmu-miR-143-3p_ID=MIM0000247_MI0000257_mmu-mir-143	35
mmu-miR-6539_ID=MIM0025584_MI0022355_mmu-mir-6539	160
mmu-miR-17-5p_ID=MIM0000649_MI0000687_mmu-mir-17rang	13
mmu-miR-431-3p_ID=MIM0004753_MI0001524_mmu-mir-431	1
mmu-miR-25-5p_ID=MIM0017049_MI0000689_mmu-mir-25rang	35
mmu-miR-211-5p_ID=MIM0000668_MI0000708_mmu-mir-211	15
mmu-miR-3470b_ID=MIM0015641_MI0014697_mmu-mir-3470b	9
mmu-miR-34c-5p_ID=MIM0000381_MI0000403_mmu-mir-34c	63
mmu-miR-221-3p_ID=MIM0000669_MI0000709_mmu-mir-221	62
mmu-miR-153-3p_ID=MIM0000163_MI0000175_mmu-mir-153	156
mmu-let-7a-5p_ID=MIM0000521_MI0000556_mmu-let-7a-1	65
mmu-miR-423-5p_ID=MIM0004825_MI0004637_mmu-mir-423	292
mmu-miR-652-3p_ID=MIM0003711_MI0004965_mmu-mir-652	36
mmu-miR-26b-3p_ID=MIM0004630_MI0000575_mmu-mir-26b	16
mmu-miR-141-5p_ID=MIM0004533_MI0000166_mmu-mir-141	75
mmu-miR-125a-5p_ID=MIM0000135_MI0000151_mmu-mir-125a	20
mmu-miR-196a-5p_ID=MIM0000518_1_MI0000553_mmu-mir-196a-2	56
mmu-miR-423-3p_ID=MIM0003454_MI0004637_mmu-mir-423	182
mmu-miR-133a-3p_ID=MIM0000145_MI0000159_mmu-mir-133a-1	46
mmu-miR-330-3p_ID=MIM0000569_MI0000607_mmu-mir-330	97
mmu-miR-150-3p_ID=MIM0004535_MI0000172_mmu-mir-150	6
mmu-miR-7219-3p_ID=MIM0028407_MI0023714_mmu-mir-7219	92
mmu-miR-329-5p_ID=MIM0017032_MI0000605_mmu-mir-329	75
mmu-miR-340-5p_ID=MIM0004651_MI0000623_mmu-mir-340	15
mmu-miR-540-3p_ID=MIM0003167_MI0003518_mmu-mir-540	286
mmu-miR-127-3p_ID=MIM0000139_MI0000154_mmu-mir-127	410
mmu-miR-34c-3p_ID=MIM0004580_MI0000403_mmu-mir-34c	80
mmu-miR-7a-5p_ID=MIM0000677_MI0000728_mmu-mir-7a-1	218
mmu-miR-486-5p_ID=MIM0003130_MI0003493_mmu-mir-486	4
mmu-miR-802-3p_ID=MIM0017240_MI0004249_mmu-mir-802	144
mmu-miR-8111_ID=MIM0031417_MI0026043_mmu-mir-8111	12
mmu-miR-101a-5p_ID=MIM0004526_MI0000148_mmu-mir-101a	45
mmu-miR-350-5p_ID=MIM0017040_MI0000640_mmu-mir-350	14
mmu-miR-133a-5p_ID=MIM0003473_MI0000159_mmu-mir-133a-1	12
mmu-miR-425-5p_ID=MIM0004750_MI0001447_mmu-mir-425	47
mmu-miR-149-5p_ID=MIM0000159_MI0000171_mmu-mir-149	193
mmu-miR-467e-5p_ID=MIM0005293_MI0006128_mmu-mir-467e	8
mmu-miR-484_ID=MIM0003127_MI0003491_mmu-mir-484rang	44
mmu-miR-125b-5p_ID=MIM0000136_MI0000152_mmu-mir-125b-2	31
mmu-miR-467d-5p_ID=MIM0004886_MI0005513_mmu-mir-467d	111
mmu-miR-106a-5p_ID=MIM0000385_MI0000406_mmu-mir-106a	119
mmu-miR-7a-1-3p_ID=MIM0004670_MI0000728_mmu-mir-7a-1	17
mmu-miR-125a-3p_ID=MIM0004528_MI0000151_mmu-mir-125a	66
mmu-miR-384-5p_ID=MIM0004745_MI0001146_mmu-mir-384	4
mmu-miR-103-3p_ID=MIM0000546_MI0000587_mmu-mir-103-1	12
mmu-miR-874-3p_ID=MIM0004853_MI0005479_mmu-mir-874	9
mmu-miR-147-3p_ID=MIM0004857_MI0005482_mmu-mir-147	105
mmu-miR-1839-5p_ID=MIM0009456_MI0009991_mmu-mir-1839	88
mmu-miR-15a-3p_ID=MIM0004624_MI0000564_mmu-mir-15a	5
mmu-miR-10a-3p_ID=MIM0004659_MI0000685_mmu-mir-10a	21
mmu-miR-29c-5p_ID=MIM0004632_MI0000577_mmu-mir-29c	15
mmu-miR-21a-5p_ID=MIM0000530_MI0000569_mmu-mir-21a	872
mmu-miR-1839-3p_ID=MIM0009457_MI0009991_mmu-mir-1839	7
mmu-miR-434-3p_ID=MIM0001422_MI0001526_mmu-mir-434	447
mmu-miR-370-3p_ID=MIM0001095_MI0001165_mmu-mir-370	8
mmu-miR-215-5p_ID=MIM0000904_MI0000974_mmu-mir-215	82
mmu-miR-490-3p_ID=MIM0003780_MI0005002_mmu-mir-490	8
mmu-miR-92a-1-5p_ID=MIM0017066_MI0000719_mmu-mir-92a-1	26
mmu-miR-3061-5p_ID=MIM0014828_MI0014023_mmu-mir-3061	71
mmu-miR-181a-1-3p_ID=MIM0000660_MI0000697_mmu-mir-181a-1	29
mmu-miR-1947-5p_ID=MIM0009413_MI0009937_mmu-mir-1947	16
mmu-miR-331-5p_ID=MIM0004643_MI0000609_mmu-mir-331	10
mmu-miR-16-2-3p_ID=MIM0017018_MI0000566_mmu-mir-16-2	63
mmu-miR-144-5p_ID=MIM0016988_MI0000168_mmu-mir-144	32
mmu-miR-496a-3p_ID=MIM0003738_MI0004589_mmu-mir-496a	125
mmu-miR-376a-5p_ID=MIM0003387_MI0000793_mmu-mir-376a	77
mmu-miR-146a-5p_ID=MIM0000158_MI0000170_mmu-mir-146a	384
mmu-miR-380-3p_ID=MIM0000745_MI0000797_mmu-mir-380	193
mmu-let-7b-3p_ID=MIM0004621_MI0000558_mmu-let-7brang	25
mmu-miR-132-5p_ID=MIM0016984_MI0000158_mmu-mir-132	50
mmu-miR-140-3p_ID=MIM0000152_MI0000165_mmu-mir-140	109
mmu-miR-155-5p_ID=MIM0000165_MI0000177_mmu-mir-155	286
mmu-miR-140-5p_ID=MIM0000151_MI0000165_mmu-mir-140	4
mmu-miR-324-5p_ID=MIM0000555_MI0000595_mmu-mir-324	125
mmu-miR-134-5p_ID=MIM0000146_MI0000160_mmu-mir-134	21
mmu-miR-214-3p_ID=MIM0000661_MI0000698_mmu-mir-214	76
mmu-miR-195a-5p_ID=MIM0000225_MI0000237_mmu-mir-195a	12
mmu-miR-150-5p_ID=MIM0000160_MI0000172_mmu-mir-150	65
mmu-miR-222-3p_ID=MIM0000670_MI0000710_mmu-mir-222	61
mmu-miR-99b-5p_ID=MIM0000132_MI0000147_mmu-mir-99b	19
mmu-miR-744-5p_ID=MIM0004187_MI0004124_mmu-mir-744	160
mmu-miR-1981-3p_ID=MIM0017351_MI0009992_mmu-mir-1981	56
mmu-miR-324-3p_ID=MIM0000556_MI0000595_mmu-mir-324	11
mmu-miR-201-5p_ID=MIM0000234_MI0000244_mmu-mir-201	42
mmu-miR-7235-3p_ID=MIM0028439_MI0023730_mmu-mir-7235	3
mmu-miR-22-3p_ID=MIM0000531_MI0000570_mmu-mir-22rang	263
mmu-miR-184-3p_ID=MIM0000213_MI0000226_mmu-mir-184	66
mmu-miR-361-5p_ID=MIM0000704_MI0000761_mmu-mir-361	6
mmu-miR-542-3p_ID=MIM0003172_MI0003522_mmu-mir-542	7
mmu-miR-26a-1-3p_ID=MIM0017020_MI0000573_mmu-mir-26a-1	13
mmu-miR-183-5p_ID=MIM0000212_MI0000225_mmu-mir-183	294
mmu-miR-125b-1-3p_ID=MIM0004669_MI0000725_mmu-mir-125b-1	25
mmu-miR-335-5p_ID=MIM0000766_MI0000817_mmu-mir-335	163
mmu-miR-1306-5p_ID=MIM0019136_MI0009935_mmu-mir-1306	11
mmu-miR-30b-3p_ID=MIM0004524_MI0000145_mmu-mir-30b	12
mmu-miR-9-5p_ID=MIM0000142_2_MI0000721_mmu-mir-9-3	31
mmu-miR-191-3p_ID=MIM0004542_MI0000233_mmu-mir-191	4
mmu-miR-10b-5p_ID=MIM0000208_MI0000221_mmu-mir-10b	29
mmu-miR-194-2-3p_ID=MIM0017073_MI0000733_mmu-mir-194-2	91
mmu-miR-98-3p_ID=MIM0017023_MI0000586_mmu-mir-98rang	358
mmu-miR-1968-5p_ID=MIM0009441_MI0009965_mmu-mir-1968	49
mmu-miR-376b-3p_ID=MIM0001092_MI0001162_mmu-mir-376b	164
mmu-miR-3473b_ID=MIM0020367_MI0016997_mmu-mir-3473b	60
mmu-miR-181d-5p_ID=MIM0004324_MI0005450_mmu-mir-181d	42
mmu-miR-339-5p_ID=MIM0000584_MI0000621_mmu-mir-339	66
mmu-miR-3061-3p_ID=MIM0014829_MI0014023_mmu-mir-3061	20
mmu-miR-16-5p_ID=MIM0000527_MI0000565_mmu-mir-16-1	26
mmu-miR-505-3p_ID=MIM0003513_MI0004706_mmu-mir-505	73
mmu-miR-34b-5p_ID=MIM0000382_MI0000404_mmu-mir-34b	116
mmu-miR-429-3p_ID=MIM0001537_MI0001642_mmu-mir-429	17
mmu-miR-92a-3p_ID=MIM0000539_MI0000719_mmu-mir-92a-1	197
mmu-miR-342-5p_ID=MIM0004653_MI0000627_mmu-mir-342	303
mmu-miR-30a-3p_ID=MIM0000129_MI0000144_mmu-mir-30a	272
mmu-miR-212-5p_ID=MIM0017053_MI0000696_mmu-mir-212	29
mmu-miR-574-5p_ID=MIM0004893_MI0005518_mmu-mir-574	21
mmu-miR-148a-5p_ID=MIM0004617_MI0000550_mmu-mir-148a	156
mmu-miR-145a-5p_ID=MIM0000157_MI0000169_mmu-mir-145a	37
mmu-miR-5107-3p_ID=MIM0022985_MI0018016_mmu-mir-5107	135
mmu-miR-362-3p_ID=MIM0004684_MI0000763_mmu-mir-362	4
mmu-miR-872-5p_ID=MIM0004934_MI0005549_mmu-mir-872	16
mmu-miR-3105-3p_ID=MIM0014942_MI0014102_mmu-mir-3105	28
mmu-miR-322-5p_ID=MIM0000548_MI0000590_mmu-mir-322	162
mmu-miR-335-3p_ID=MIM0004704_MI0000817_mmu-mir-335	114
mmu-miR-1964-3p_ID=MIM0009437_MI0009961_mmu-mir-1964	26
mmu-miR-188-3p_ID=MIM0004541_MI0000230_mmu-mir-188	27
mmu-miR-1940_ID=MIM0009404_MI0009929_mmu-mir-1940	22
mmu-miR-1981-5p_ID=MIM0009458_MI0009992_mmu-mir-1981	15
mmu-miR-107-5p_ID=MIM0017048_MI0000684_mmu-mir-107	1
mmu-miR-320-3p_ID=MIM0000666_MI0000704_mmu-mir-320	62
mmu-miR-410-3p_ID=MIM0001091_MI0001161_mmu-mir-410	212
mmu-miR-379-3p_ID=MIM0017080_MI0000796_mmu-mir-379	178
mmu-miR-205-5p_ID=MIM0000238_MI0000248_mmu-mir-205	195
mmu-miR-154-5p_ID=MIM0000164_MI0000176_mmu-mir-154	61
mmu-miR-874-5p_ID=MIM0017268_MI0005479_mmu-mir-874	64
mmu-miR-190a-3p_ID=MIM0016998_MI0000232_mmu-mir-190a	34
mmu-miR-141-3p_ID=MIM0000153_MI0000166_mmu-mir-141	291
mmu-miR-592-5p_ID=MIM0003730_MI0004127_mmu-mir-592	99
mmu-miR-30c-2-3p_ID=MIM0005438_MI0000548_mmu-mir-30c-2	145
mmu-miR-1948-5p_ID=MIM0017344_MI0009939_mmu-mir-1948	264
mmu-miR-194-5p_ID=MIM0000224_1_MI0000733_mmu-mir-194-2	61
mmu-miR-143-5p_ID=MIM0017006_MI0000257_mmu-mir-143	3
mmu-miR-126a-5p_ID=MIM0000137_MI0000153_mmu-mir-126a	98
mmu-miR-101a-3p_ID=MIM0000133_MI0000148_mmu-mir-101a	94
mmu-miR-98-5p_ID=MIM0000545_MI0000586_mmu-mir-98rang	31
mmu-miR-30e-3p_ID=MIM0000249_MI0000259_mmu-mir-30e	17
mmu-miR-7043-3p_ID=MIM0027991_MI0022892_mmu-mir-7043	13
mmu-miR-181b-5p_ID=MIM0000673_1_MI0000823_mmu-mir-181b-2	63
mmu-miR-29a-5p_ID=MIM0004631_MI0000576_mmu-mir-29a	43
mmu-miR-708-5p_ID=MIM0004828_MI0004692_mmu-mir-708	8
mmu-miR-342-3p_ID=MIM0000590_MI0000627_mmu-mir-342	334
mmu-miR-8103_ID=MIM0031407_MI0026033_mmu-mir-8103	5
mmu-miR-130b-5p_ID=MIM0004583_MI0000408_mmu-mir-130b	32
mmu-miR-122-3p_ID=MIM0017005_MI0000256_mmu-mir-122	189
mmu-miR-322-3p_ID=MIM0000549_MI0000590_mmu-mir-322	3
mmu-miR-129-2-3p_ID=MIM0000544_MI0000585_mmu-mir-129-2	6
mmu-miR-383-5p_ID=MIM0000748_MI0000800_mmu-mir-383	3
mmu-miR-374b-5p_ID=MIM0003727_MI0004125_mmu-mir-374b	172
mmu-miR-34b-3p_ID=MIM0004581_MI0000404_mmu-mir-34b	6
mmu-miR-666-5p_ID=MIM0003737_MI0004553_mmu-mir-666	3
mmu-miR-191-5p_ID=MIM0000221_MI0000233_mmu-mir-191	84
mmu-miR-106b-5p_ID=MIM0000386_MI0000407_mmu-mir-106b	18
mmu-miR-27b-5p_ID=MIM0004522_MI0000142_mmu-mir-27b	113
mmu-miR-200a-5p_ID=MIM0004619_MI0000554_mmu-mir-200a	21
mmu-miR-200b-5p_ID=MIM0004545_MI0000243_mmu-mir-200b	10
mmu-miR-196b-5p_ID=MIM0001081_MI0001151_mmu-mir-196b	16
mmu-miR-3068-5p_ID=MIM0014842_MI0014030_mmu-mir-3068	16
mmu-miR-199a-5p_ID=MIM0000229_MI0000713_mmu-mir-199a-2	110
mmu-miR-1249-3p_ID=MIM0010560_MI0004132_mmu-mir-1249	16
mmu-let-7e-5p_ID=MIM0000524_MI0000561_mmu-let-7erang	26
mmu-miR-330-5p_ID=MIM0004642_MI0000607_mmu-mir-330	215
mmu-let-7g-3p_ID=MIM0004519_MI0000137_mmu-let-7grang	4
mmu-miR-3470a_ID=MIM0015640_MI0014696_mmu-mir-3470a	10
mmu-miR-339-3p_ID=MIM0004649_MI0000621_mmu-mir-339	22
mmu-miR-377-3p_ID=MIM0000741_MI0000794_mmu-mir-377	63
mmu-miR-350-3p_ID=MIM0000605_MI0000640_mmu-mir-350	9
mmu-miR-26b-5p_ID=MIM0000534_MI0000575_mmu-mir-26b	19
mmu-miR-431-5p_ID=MIM0001418_MI0001524_mmu-mir-431	406
mmu-let-7f-5p_ID=MIM0000525_MI0000562_mmu-let-7f-1	20
mmu-miR-182-5p_ID=MIM0000211_MI0000224_mmu-mir-182	336
mmu-miR-18b-5p_ID=MIM0004858_MI0005483_mmu-mir-18b	5
mmu-miR-203-3p_ID=MIM0000236_MI0000246_mmu-mir-203	9
mmu-miR-1191b-5p_ID=MIM0029866_MI0025021_mmu-mir-1191b	7
mmu-miR-29b-3p_ID=MIM0000127_MI0000712_mmu-mir-29b-2	27
mmu-miR-487b-3p_ID=MIM0003184_MI0003534_mmu-mir-487b	11
mmu-miR-33-3p_ID=MIM0004666_MI0000707_mmu-mir-33rang	92
mmu-miR-340-3p_ID=MIM0000586_MI0000623_mmu-mir-340	31
mmu-miR-700-5p_ID=MIM0017256_MI0004684_mmu-mir-700	7
mmu-miR-151-3p_ID=MIM0000161_MI0000173_mmu-mir-151	46
mmu-miR-384-3p_ID=MIM0001076_MI0001146_mmu-mir-384	11
mmu-miR-138-5p_ID=MIM0000150_MI0000164_mmu-mir-138-2	7
mmu-miR-503-3p_ID=MIM0004790_MI0003538_mmu-mir-503	8
mmu-miR-20a-5p_ID=MIM0000529_MI0000568_mmu-mir-20a	362
mmu-miR-128-1-5p_ID=MIM0016982_MI0000155_mmu-mir-128-1	11
mmu-miR-375-3p_ID=MIM0000739_MI0000792_mmu-mir-375	29
mmu-miR-132-3p_ID=MIM0000144_MI0000158_mmu-mir-132	14
mmu-miR-27a-3p_ID=MIM0000537_MI0000578_mmu-mir-27a	7
mmu-miR-467c-5p_ID=MIM0004885_MI0005512_mmu-mir-467c	168
mmu-miR-31-3p_ID=MIM0004634_MI0000579_mmu-mir-31rang	33
mmu-miR-30c-5p_ID=MIM0000514_1_MI0000547_mmu-mir-30c-1	227
mmu-miR-99a-3p_ID=MIM0016981_MI0000146_mmu-mir-99a	26
mmu-miR-664-5p_ID=MIM0017353_MI0012531_mmu-mir-664	9
mmu-miR-3074-5p_ID=MIM0014856_MI0014037_mmu-mir-3074-1	21
mmu-let-7b-5p_ID=MIM0000522_MI0000558_mmu-let-7brang	283
mmu-miR-6538_ID=MIM0025583_MI0022354_mmu-mir-6538	50
mmu-miR-15b-5p_ID=MIM0000124_MI0000140_mmu-mir-15b	54
mmu-miR-411-5p_ID=MIM0004747_MI0001163_mmu-mir-411	301
mmu-miR-3057-5p_ID=MIM0014822_MI0014020_mmu-mir-3057	8
mmu-miR-411-3p_ID=MIM0001093_MI0001163_mmu-mir-411	68
mmu-miR-679-5p_ID=MIM0003455_MI0004638_mmu-mir-679	6
mmu-let-7e-3p_ID=MIM0017016_MI0000561_mmu-let-7erang	10
mmu-miR-31-5p_ID=MIM0000538_MI0000579_mmu-mir-31rang	279
mmu-let-7c-5p_ID=MIM0000523_MI0000560_mmu-let-7c-2	262
mmu-miR-214-5p_ID=MIM0004664_MI0000698_mmu-mir-214	74
mmu-miR-674-5p_ID=MIM0003740_MI0004611_mmu-mir-674	10
mmu-miR-29b-3p_ID=MIM0000127_1_MI0000143_mmu-mir-29b-1	29
mmu-miR-142-5p_ID=MIM0000154_MI0000167_mmu-mir-142	341
mmu-miR-136-5p_ID=MIM0000148_MI0000162_mmu-mir-136	379
mmu-miR-495-3p_ID=MIM0003456_MI0004639_mmu-mir-495	25
mmu-miR-17-3p_ID=MIM0000650_MI0000687_mmu-mir-17rang	6
mmu-miR-1843b-5p_ID=MIM0019345_MI0016971_mmu-mir-1843b	259
mmu-miR-3068-3p_ID=MIM0014843_MI0014030_mmu-mir-3068	47
mmu-miR-497-5p_ID=MIM0003453_MI0004636_mmu-mir-497	8
mmu-miR-673-3p_ID=MIM0004824_MI0004601_mmu-mir-673	4
mmu-miR-21a-3p_ID=MIM0004628_MI0000569_mmu-mir-21a	377
mmu-miR-879-5p_ID=MIM0004842_MI0005472_mmu-mir-879	26
mmu-miR-1960_ID=MIM0009433_MI0009957_mmu-mir-1960	1
mmu-miR-3535_ID=MIM0031410_MI0026036_mmu-mir-3535	58
mmu-miR-369-5p_ID=MIM0003185_MI0003535_mmu-mir-369	15
mmu-miR-27b-3p_ID=MIM0000126_MI0000142_mmu-mir-27b	12
mmu-miR-7226-3p_ID=MIM0028421_MI0023721_mmu-mir-7226	8
mmu-miR-218-1-3p_ID=MIM0004665_MI0000700_mmu-mir-218-1	47
mmu-miR-187-3p_ID=MIM0000216_MI0000229_mmu-mir-187	111
mmu-miR-215-3p_ID=MIM0017169_MI0000974_mmu-mir-215	61
mmu-miR-16-1-3p_ID=MIM0004625_MI0000565_mmu-mir-16-1	221
mmu-miR-434-5p_ID=MIM0001421_MI0001526_mmu-mir-434	350
mmu-miR-802-5p_ID=MIM0004188_MI0004249_mmu-mir-802	93
mmu-miR-485-5p_ID=MIM0003128_MI0003492_mmu-mir-485	16
mmu-miR-136-3p_ID=MIM0004532_MI0000162_mmu-mir-136	435
mmu-miR-409-3p_ID=MIM0001090_MI0001160_mmu-mir-409	396
mmu-miR-146b-5p_ID=MIM0003475_MI0004665_mmu-mir-146b	56
mmu-miR-877-5p_ID=MIM0004861_MI0005553_mmu-mir-877	21
mmu-miR-378a-5p_ID=MIM0000742_MI0000795_mmu-mir-378a	277
mmu-miR-19a-3p_ID=MIM0000651_MI0000688_mmu-mir-19a	27
mmu-miR-540-5p_ID=MIM0004786_MI0003518_mmu-mir-540	35
mmu-miR-28a-5p_ID=MIM0000653_MI0000690_mmu-mir-28a	6
mmu-miR-139-5p_ID=MIM0000656_MI0000693_mmu-mir-139	4
mmu-miR-185-5p_ID=MIM0000214_MI0000227_mmu-mir-185	60
mmu-miR-15a-5p_ID=MIM0000526_MI0000564_mmu-mir-15a	12
mmu-miR-181a-5p_ID=MIM0000210_MI0000697_mmu-mir-181a-1	15
mmu-miR-3082-3p_ID=MIM0014873_MI0014045_mmu-mir-3082	20
mmu-miR-3081-3p_ID=MIM0014871_MI0014044_mmu-mir-3081	7
mmu-miR-26a-5p_ID=MIM0000533_1_MI0000573_mmu-mir-26a-1	8
mmu-miR-128-3p_ID=MIM0000140_MI0000155_mmu-mir-128-1	16
mmu-miR-9-5p_ID=MIM0000142_1_MI0000720_mmu-mir-9-1	19
mmu-miR-365-3p_ID=MIM0000711_MI0001645_mmu-mir-365-2	32
mmu-miR-6948-3p_ID=MIM0027797_MI0022795_mmu-mir-6948	6
mmu-miR-22-5p_ID=MIM0004629_MI0000570_mmu-mir-22rang	5
mmu-miR-369-3p_ID=MIM0003186_MI0003535_mmu-mir-369	85
mmu-miR-138-1-3p_ID=MIM0004668_MI0000722_mmu-mir-138-1	6
mmu-miR-152-3p_ID=MIM0000162_MI0000174_mmu-mir-152	260
mmu-miR-126a-3p_ID=MIM0000138_MI0000153_mmu-mir-126a	275
mmu-miR-331-3p_ID=MIM0000571_MI0000609_mmu-mir-331	25
mmu-miR-1843a-5p_ID=MIM0014805_MI0004155_mmu-mir-1843a	164
mmu-miR-200a-3p_ID=MIM0000519_MI0000554_mmu-mir-200a	81
mmu-miR-199a-5p_ID=MIM0000229_1_MI0000241_mmu-mir-199a-1	15
mmu-miR-20a-3p_ID=MIM0004627_MI0000568_mmu-mir-20a	23
mmu-miR-299a-3p_ID=MIM0004577_MI0000399_mmu-mir-299a	308
mmu-miR-449a-5p_ID=MIM0001542_MI0001649_mmu-mir-449a	128
mmu-miR-186-3p_ID=MIM0004540_MI0000228_mmu-mir-186	19
mmu-miR-25-3p_ID=MIM0000652_MI0000689_mmu-mir-25rang	94
mmu-miR-30e-5p_ID=MIM0000248_MI0000259_mmu-mir-30e	55
mmu-miR-301b-3p_ID=MIM0004186_MI0004122_mmu-mir-301b	7
mmu-miR-103-3p_ID=MIM0000546_1_MI0000588_mmu-mir-103-2	339
mmu-miR-93-5p_ID=MIM0000540_MI0000581_mmu-mir-93rang	309
mmu-miR-296-3p_ID=MIM0004576_MI0000394_mmu-mir-296	44
mmu-miR-221-5p_ID=MIM0017060_MI0000709_mmu-mir-221	47
mmu-miR-6911-3p_ID=MIM0027723_MI0022758_mmu-mir-6911	68
mmu-miR-93-3p_ID=MIM0004636_MI0000581_mmu-mir-93rang	16
mmu-miR-125b-5p_ID=MIM0000136_1_MI0000725_mmu-mir-125b-1	13
mmu-miR-212-3p_ID=MIM0000659_MI0000696_mmu-mir-212	70
mmu-miR-9-3p_ID=MIM0000143_2_MI0000721_mmu-mir-9-3	2
mmu-miR-29a-3p_ID=MIM0000535_MI0000576_mmu-mir-29a	21
mmu-miR-488-3p_ID=MIM0003450_MI0004633_mmu-mir-488	7
mmu-miR-128-3p_ID=MIM0000140_1_MI0000726_mmu-mir-128-2	27
mmu-miR-298-5p_ID=MIM0000376_MI0000398_mmu-mir-298	163
mmu-miR-3084-3p_ID=MIM0014877_MI0014047_mmu-mir-3084-1	1
mmu-miR-183-3p_ID=MIM0004539_MI0000225_mmu-mir-183	147
mmu-miR-542-5p_ID=MIM0003171_MI0003522_mmu-mir-542	12
mmu-miR-382-3p_ID=MIM0004691_MI0000799_mmu-mir-382	10
mmu-miR-511-5p_ID=MIM0004940_MI0005554_mmu-mir-511	5
mmu-miR-199a-3p_ID=MIM0000230_MI0000713_mmu-mir-199a-2	140
mmu-miR-185-3p_ID=MIM0016996_MI0000227_mmu-mir-185	9
mmu-miR-744-3p_ID=MIM0004820_MI0004124_mmu-mir-744	9
mmu-miR-501-3p_ID=MIM0003509_MI0004703_mmu-mir-501	23
mmu-miR-106b-3p_ID=MIM0004582_MI0000407_mmu-mir-106b	255
mmu-miR-1291_ID=MIM0031397_MI0026023_mmu-mir-1291	4
mmu-miR-34a-5p_ID=MIM0000542_MI0000584_mmu-mir-34a	430
mmu-miR-219a-5p_ID=MIM0000664_MI0000702_mmu-mir-219a-1	87
mmu-let-7c-2-3p_ID=MIM0005439_MI0000560_mmu-let-7c-2	127
mmu-miR-338-5p_ID=MIM0004647_MI0000619_mmu-mir-338	44
mmu-miR-30d-3p_ID=MIM0017011_MI0000549_mmu-mir-30d	43
mmu-miR-188-5p_ID=MIM0000217_MI0000230_mmu-mir-188	145
mmu-miR-200c-3p_ID=MIM0000657_MI0000694_mmu-mir-200c	9
mmu-miR-677-5p_ID=MIM0003451_MI0004634_mmu-mir-677	363
mmu-miR-193a-3p_ID=MIM0000223_MI0000235_mmu-mir-193a	56
mmu-miR-582-3p_ID=MIM0005292_MI0006127_mmu-mir-582	123
mmu-miR-223-3p_ID=MIM0000665_MI0000703_mmu-mir-223	283
mmu-miR-300-3p_ID=MIM0000378_MI0000400_mmu-mir-300	383
mmu-miR-326-3p_ID=MIM0000559_MI0000598_mmu-mir-326	2
mmu-miR-3475-3p_ID=MIM0015219_MI0004220_mmu-mir-3475	1
mmu-miR-1298-5p_ID=MIM0014809_MI0004300_mmu-mir-1298	10
mmu-miR-194-1-3p_ID=MIM0016999_MI0000236_mmu-mir-194-1	4
mmu-miR-7035-3p_ID=MIM0027975_MI0022884_mmu-mir-7035	3
mmu-miR-872-3p_ID=MIM0004935_MI0005549_mmu-mir-872	42
mmu-miR-27a-5p_ID=MIM0004633_MI0000578_mmu-mir-27a	180
mmu-miR-455-5p_ID=MIM0003485_MI0004679_mmu-mir-455	314
mmu-miR-125b-2-3p_ID=MIM0004529_MI0000152_mmu-mir-125b-2	30
mmu-miR-674-3p_ID=MIM0003741_MI0004611_mmu-mir-674	202
mmu-miR-382-5p_ID=MIM0000747_MI0000799_mmu-mir-382	58
mmu-miR-130b-3p_ID=MIM0000387_MI0000408_mmu-mir-130b	23
mmu-miR-328-3p_ID=MIM0000565_MI0000603_mmu-mir-328	66
mmu-miR-7236-3p_ID=MIM0028441_MI0023731_mmu-mir-7236	128
mmu-miR-301a-3p_ID=MIM0000379_MI0000401_mmu-mir-301a	39
mmu-miR-186-5p_ID=MIM0000215_MI0000228_mmu-mir-186	82
mmu-let-7f-1-3p_ID=MIM0004623_MI0000562_mmu-let-7f-1	19
mmu-miR-6516-5p_ID=MIM0027343_MI0022266_mmu-mir-6516	5
mmu-miR-5121_ID=MIM0020629_MI0018030_mmu-mir-5121	47
mmu-miR-204-5p_ID=MIM0000237_MI0000247_mmu-mir-204	57
mmu-miR-144-3p_ID=MIM0000156_MI0000168_mmu-mir-144	17
mmu-miR-344b-3p_ID=MIM0014926_MI0014095_mmu-mir-344b	14
mmu-miR-708-3p_ID=MIM0003498_MI0004692_mmu-mir-708	13
mmu-miR-192-5p_ID=MIM0000517_MI0000551_mmu-mir-192	79
mmu-let-7f-5p_ID=MIM0000525_1_MI0000563_mmu-let-7f-2	14
mmu-miR-670-3p_ID=MIM0017242_MI0004295_mmu-mir-670	64
mmu-miR-124-3p_ID=MIM0000134_MI0000716_mmu-mir-124-1	90
mmu-miR-873a-5p_ID=MIM0004936_MI0005550_mmu-mir-873a	18
mmu-miR-3076-3p_ID=MIM0014861_MI0014039_mmu-mir-3076	91
mmu-miR-199b-3p_ID=MIM0004667_MI0000714_mmu-mir-199b	11
mmu-miR-23b-3p_ID=MIM0000125_MI0000141_mmu-mir-23b	441
mmu-miR-450a-5p_ID=MIM0001546_1_MI0003537_mmu-mir-450a-2	29
mmu-miR-672-5p_ID=MIM0003735_MI0004258_mmu-mir-672	8
mmu-miR-1191_ID=MIM0005849_MI0006296_mmu-mir-1191	10
mmu-miR-26a-2-3p_ID=MIM0017058_MI0000706_mmu-mir-26a-2	17
mmu-miR-208b-3p_ID=MIM0004939_MI0005552_mmu-mir-208b	22
mmu-miR-30c-1-3p_ID=MIM0004616_MI0000547_mmu-mir-30c-1	35
mmu-miR-543-3p_ID=MIM0003168_MI0003519_mmu-mir-543	398
mmu-miR-96-5p_ID=MIM0000541_MI0000583_mmu-mir-96rang	404
mmu-miR-551b-3p_ID=MIM0003890_MI0004131_mmu-mir-551b	13
mmu-miR-100-3p_ID=MIM0017051_MI0000692_mmu-mir-100	30
mmu-miR-3086-5p_ID=MIM0014880_MI0014049_mmu-mir-3086	7
mmu-miR-32-5p_ID=MIM0000654_MI0000691_mmu-mir-32rang	33
mmu-miR-32-3p_ID=MIM0017050_MI0000691_mmu-mir-32rang	10
mmu-miR-18a-5p_ID=MIM0000528_MI0000567_mmu-mir-18a	60
mmu-miR-323-3p_ID=MIM0000551_MI0000592_mmu-mir-323	8
mmu-miR-6899-3p_ID=MIM0027699_MI0022746_mmu-mir-6899	3
mmu-miR-378b_ID=MIM0019348_MI0016973_mmu-mir-378b	5
mmu-miR-450b-5p_ID=MIM0003511_MI0004705_mmu-mir-450b	159
mmu-miR-425-3p_ID=MIM0001342_MI0001447_mmu-mir-425	64
mmu-miR-181c-3p_ID=MIM0017068_MI0000724_mmu-mir-181c	12
mmu-miR-345-5p_ID=MIM0000595_MI0000632_mmu-mir-345	114
mmu-miR-24-1-5p_ID=MIM0000218_MI0000231_mmu-mir-24-1	7
mmu-miR-345-3p_ID=MIM0004656_MI0000632_mmu-mir-345	60
mmu-miR-122-5p_ID=MIM0000246_MI0000256_mmu-mir-122	245
mmu-miR-92a-3p_ID=MIM0000539_1_MI0000580_mmu-mir-92a-2	31
mmu-miR-223-5p_ID=MIM0017056_MI0000703_mmu-mir-223	8
mmu-miR-376a-3p_ID=MIM0000740_MI0000793_mmu-mir-376a	21
mmu-miR-376c-3p_ID=MIM0003183_MI0003533_mmu-mir-376c	145
mmu-miR-148b-5p_ID=MIM0017036_MI0000617_mmu-mir-148b	82
mmu-let-7a-5p_ID=MIM0000521_1_MI0000557_mmu-let-7a-2	63
mmu-miR-129-5p_ID=MIM0000209_MI0000585_mmu-mir-129-2	37
mmu-miR-210-3p_ID=MIM0000658_MI0000695_mmu-mir-210	662
mmu-miR-541-5p_ID=MIM0003170_MI0003521_mmu-mir-541	346
mmu-miR-365-2-5p_ID=MIM0017179_MI0001645_mmu-mir-365-2	103
mmu-miR-362-5p_ID=MIM0000706_MI0000763_mmu-mir-362	65
mmu-miR-1198-5p_ID=MIM0005859_MI0006306_mmu-mir-1198	18
mmu-miR-351-5p_ID=MIM0000609_MI0000643_mmu-mir-351	10
mmu-miR-23a-3p_ID=MIM0000532_MI0000571_mmu-mir-23a	54
mmu-miR-10b-3p_ID=MIM0004538_MI0000221_mmu-mir-10b	9
mmu-miR-181a-5p_ID=MIM0000210_1_MI0000223_mmu-mir-181a-2	62
mmu-miR-203-5p_ID=MIM0004547_MI0000246_mmu-mir-203	14
mmu-miR-92b-3p_ID=MIM0004899_MI0005521_mmu-mir-92b	56
mmu-miR-676-5p_ID=MIM0003781_MI0005003_mmu-mir-676	185
mmu-miR-218-5p_ID=MIM0000663_MI0000701_mmu-mir-218-2	66
mmu-miR-341-3p_ID=MIM0000588_MI0000625_mmu-mir-341	103
mmu-miR-421-5p_ID=MIM0017273_MI0005496_mmu-mir-421	6
mmu-miR-200b-3p_ID=MIM0000233_MI0000243_mmu-mir-200b	3
mmu-miR-194-5p_ID=MIM0000224_MI0000236_mmu-mir-194-1	128
mmu-miR-676-3p_ID=MIM0003782_MI0005003_mmu-mir-676	286
mmu-miR-3473d_ID=MIM0020632_MI0018033_mmu-mir-3473d	336
mmu-miR-16-5p_ID=MIM0000527_1_MI0000566_mmu-mir-16-2	33
mmu-miR-1983_ID=MIM0009455_MI0009990_mmu-mir-1983	349
mmu-miR-1843a-3p_ID=MIM0014806_MI0004155_mmu-mir-1843a	79
mmu-miR-376b-5p_ID=MIM0003388_MI0001162_mmu-mir-376b	398
mmu-let-7g-5p_ID=MIM0000121_MI0000137_mmu-let-7grang	1
mmu-miR-671-3p_ID=MIM0004821_MI0004133_mmu-mir-671	88
mmu-miR-363-3p_ID=MIM0000708_MI0000765_mmu-mir-363	294
mmu-miR-598-3p_ID=MIM0004942_MI0005556_mmu-mir-598	6
mmu-miR-3107-5p_ID=MIM0014943_MI0014103_mmu-mir-3107	20
mmu-miR-24-3p_ID=MIM0000219_1_MI0000572_mmu-mir-24-2	62
mmu-miR-30a-5p_ID=MIM0000128_MI0000144_mmu-mir-30a	47
mmu-miR-190a-5p_ID=MIM0000220_MI0000232_mmu-mir-190a	30
mmu-miR-10a-5p_ID=MIM0000648_MI0000685_mmu-mir-10a	3
mmu-miR-7a-5p_ID=MIM0000677_1_MI0000729_mmu-mir-7a-2	13
mmu-miR-532-5p_ID=MIM0002889_MI0003206_mmu-mir-532	136
mmu-miR-673-5p_ID=MIM0003739_MI0004601_mmu-mir-673	33
mmu-miR-30c-5p_ID=MIM0000514_MI0000548_mmu-mir-30c-2	138
mmu-miR-3109-3p_ID=MIM0014950_MI0014106_mmu-mir-3109	18
mmu-miR-26a-5p_ID=MIM0000533_MI0000706_mmu-mir-26a-2	6
mmu-miR-6240_ID=MIM0024861_MI0021587_mmu-mir-6240	11
mmu-let-7d-3p_ID=MIM0000384_MI0000405_mmu-let-7drang	79
mmu-miR-29b-1-5p_ID=MIM0004523_MI0000143_mmu-mir-29b-1	29
mmu-miR-18a-3p_ID=MIM0004626_MI0000567_mmu-mir-18a	17
mmu-miR-99b-3p_ID=MIM0004525_MI0000147_mmu-mir-99b	17
mmu-miR-666-3p_ID=MIM0004823_MI0004553_mmu-mir-666	239
mmu-miR-33-5p_ID=MIM0000667_MI0000707_mmu-mir-33rang	507
mmu-miR-451a_ID=MIM0001632_MI0001730_mmu-mir-451a	25
mmu-miR-19b-3p_ID=MIM0000513_1_MI0000546_mmu-mir-19b-2	17
mmu-miR-532-3p_ID=MIM0004781_MI0003206_mmu-mir-532	7
mmu-miR-664-3p_ID=MIM0012774_MI0012531_mmu-mir-664	45
mmu-miR-195a-3p_ID=MIM0017000_MI0000237_mmu-mir-195a	72
mmu-miR-500-3p_ID=MIM0003507_MI0004702_mmu-mir-500	15
mmu-miR-127-5p_ID=MIM0004530_MI0000154_mmu-mir-127	210
mmu-miR-24-2-5p_ID=MIM0005440_MI0000572_mmu-mir-24-2	277
mmu-miR-5114_ID=MIM0020622_MI0018023_mmu-mir-5114	375
mmu-miR-218-5p_ID=MIM0000663_1_MI0000700_mmu-mir-218-1	25
mmu-miR-337-3p_ID=MIM0000578_MI0000615_mmu-mir-337	26
mmu-miR-301a-5p_ID=MIM0017008_MI0000401_mmu-mir-301a	57
mmu-let-7c-1-3p_ID=MIM0004622_MI0000559_mmu-let-7c-1	9
mmu-miR-216a-5p_ID=MIM0000662_MI0000699_mmu-mir-216a	56
mmu-miR-138-5p_ID=MIM0000150_1_MI0000722_mmu-mir-138-1	6
mmu-let-7d-5p_ID=MIM0000383_MI0000405_mmu-let-7drang	185
mmu-miR-1948-3p_ID=MIM0009415_MI0009939_mmu-mir-1948	146
mmu-miR-15b-3p_ID=MIM0004521_MI0000140_mmu-mir-15b	238
mmu-miR-19a-5p_ID=MIM0004660_MI0000688_mmu-mir-19a	216
mmu-miR-433-3p_ID=MIM0001420_MI0001525_mmu-mir-433	29
mmu-miR-217-5p_ID=MIM0000679_MI0000731_mmu-mir-217	27
mmu-miR-338-3p_ID=MIM0000582_MI0000619_mmu-mir-338	58
mmu-miR-28a-3p_ID=MIM0004661_MI0000690_mmu-mir-28a	15
mmu-miR-100-5p_ID=MIM0000655_MI0000692_mmu-mir-100	13
mmu-miR-1a-3p_ID=MIM0000123_1_MI0000139_mmu-mir-1a-1	33
mmu-miR-409-5p_ID=MIM0004746_MI0001160_mmu-mir-409	162
mmu-miR-363-5p_ID=MIM0017076_MI0000765_mmu-mir-363	8
mmu-miR-7015-3p_ID=MIM0027935_MI0022864_mmu-mir-7015	48
mmu-miR-193b-3p_ID=MIM0004859_MI0005484_mmu-mir-193b	82
mmu-miR-361-3p_ID=MIM0017075_MI0000761_mmu-mir-361	2
mmu-let-7c-5p_ID=MIM0000523_1_MI0000559_mmu-let-7c-1	42
mmu-miR-130a-3p_ID=MIM0000141_MI0000156_mmu-mir-130a	112
mmu-miR-29c-3p_ID=MIM0000536_MI0000577_mmu-mir-29c	14
mmu-miR-137-3p_ID=MIM0000149_MI0000163_mmu-mir-137	66
mmu-miR-30b-5p_ID=MIM0000130_MI0000145_mmu-mir-30b	16
mmu-miR-381-3p_ID=MIM0000746_MI0000798_mmu-mir-381	361
mmu-let-7i-5p_ID=MIM0000122_MI0000138_mmu-let-7irang	231
mmu-miR-668-3p_ID=MIM0003732_MI0004134_mmu-mir-668	40
mmu-miR-29b-2-5p_ID=MIM0017063_MI0000712_mmu-mir-29b-2	7
mmu-miR-148b-3p_ID=MIM0000580_MI0000617_mmu-mir-148b	11
mmu-miR-181b-1-3p_ID=MIM0017067_MI0000723_mmu-mir-181b-1	7
mmu-miR-494-3p_ID=MIM0003182_MI0003532_mmu-mir-494	24
mmu-miR-3066-5p_ID=MIM0014838_MI0014028_mmu-mir-3066	10
mmu-miR-99a-5p_ID=MIM0000131_MI0000146_mmu-mir-99a	24
mmu-miR-210-5p_ID=MIM0017052_MI0000695_mmu-mir-210	83
mmu-miR-152-5p_ID=MIM0016991_MI0000174_mmu-mir-152	286
mmu-miR-700-3p_ID=MIM0003490_MI0004684_mmu-mir-700	11
mmu-miR-574-3p_ID=MIM0004894_MI0005518_mmu-mir-574	39
mmu-miR-582-5p_ID=MIM0005291_MI0006127_mmu-mir-582	294
mmu-miR-378a-3p_ID=MIM0003151_MI0000795_mmu-mir-378a	95
